26.09.07,네이버 블로그,공식,미글로우,https://blog.naver.com/hironic-official/224403653142
26.09.07,네이버 블로그,공식,미글로우,https://blog.naver.com/hironic-official/224403662049
26.09.07,네이버 블로그,공식,미글로우,https://blog.naver.com/hironic-official/224403674783
26.09.07,네이버 블로그,공식,미글로우,https://blog.naver.com/hironic-official/224403677512
26.09.08,네이버 블로그,언더,미글로우,https://blog.naver.com/kbeautyfy/224404460041
26.09.08,네이버 블로그,공식,미글로우,https://blog.naver.com/hironic-official/224404469428
26.09.08,네이버 블로그,공식,미글로우,https://blog.naver.com/hironic-official/224404472269
26.09.08,네이버 블로그,언더,미글로우,https://blog.naver.com/kbeautyfy/224404463028
26.09.09,네이버 블로그,공식,미글로우,https://blog.naver.com/hironic-official/224404478096
26.09.09,네이버 블로그,언더,미글로우,https://blog.naver.com/kbeautyfy/224404482195
26.09.09,네이버 블로그,공식,미글로우,https://blog.naver.com/hironic-official/224405732951
26.09.09,네이버 블로그,언더,미글로우,https://blog.naver.com/kbeautyfy/224405743208
26.09.09,네이버 블로그,언더,미글로우,https://blog.naver.com/kbeautyfy/224405746084
26.09.09,네이버 블로그,공식,미글로우,https://blog.naver.com/hironic-official/224405737302
26.09.10,네이버 블로그,공식,미글로우,https://blog.naver.com/hironic-official/224406834063
26.09.10,네이버 블로그,언더,미글로우,https://blog.naver.com/kbeautyfy/224406842014
26.09.10,네이버 블로그,언더,미글로우,https://blog.naver.com/kbeautyfy/224406847614
26.09.10,네이버 블로그,공식,미글로우,https://blog.naver.com/hironic-official/224406837570
26.09.11,네이버 블로그,언더,미글로우,https://blog.naver.com/kbeautyfy/224407133154
26.09.11,네이버 블로그,공식,미글로우,https://blog.naver.com/hironic-official/224407138125
26.09.11,네이버 블로그,공식,미글로우,https://blog.naver.com/hironic-official/224407141173
26.09.11,네이버 블로그,언더,미글로우,https://blog.naver.com/kbeautyfy/224407135437
26.09.14,네이버 블로그,공식,미글로우,https://blog.naver.com/hironic-official/224407409773
26.09.14,네이버 블로그,언더,미글로우,https://blog.naver.com/kbeautyfy/224407412886
26.09.14,네이버 블로그,공식,미글로우,https://blog.naver.com/hironic-official/224411110945
26.09.14,네이버 블로그,언더,미글로우,https://blog.naver.com/kbeautyfy/224411115127
26.09.14,네이버 블로그,공식,미글로우,https://blog.naver.com/hironic-official/224407410972
26.09.14,네이버 블로그,공식,미글로우,https://blog.naver.com/hironic-official/224411112805
26.09.14,네이버 블로그,언더,미글로우,https://blog.naver.com/kbeautyfy/224407415075
26.09.14,네이버 블로그,언더,미글로우,https://blog.naver.com/kbeautyfy/224411117277
26.09.15,네이버 블로그,공식,시너젯,https://blog.naver.com/hironic-official/224412122535
26.09.15,네이버 블로그,언더,시너젯,https://blog.naver.com/kbeautyfy/224412128942
26.09.15,네이버 블로그,공식,시너젯,https://blog.naver.com/hironic-official/224412125002
26.09.15,네이버 블로그,언더,시너젯,https://blog.naver.com/kbeautyfy/224412130472
26.09.15,스레드,언더,미글로우,https://www.threads.com/@hanna.nahanna/post/DdTcQ1oCjql
26.09.15,유튜브,언더,미글로우,https://www.youtube.com/shorts/-R8XUZ76ChQ
26.09.15,스레드,언더,미글로우,https://www.threads.com/@hanna.nahanna/post/DdTeDPoEwH5
26.09.15,스레드,언더,미글로우,https://www.threads.com/@hanna.nahanna/post/DdTnsZCiPQY
26.09.16,유튜브,언더,미글로우,https://www.youtube.com/shorts/8_rwfALHpdQ
26.09.16,스레드,언더,미글로우,https://www.threads.com/@hanna.nahanna/post/DdT_u2pDssV
26.09.16,유튜브,언더,미글로우,https://www.youtube.com/shorts/mlHmxB4csD0
26.09.16,스레드,언더,미글로우,https://www.threads.com/@hanna.nahanna/post/DdUB0qXEuvn
26.09.16,인스타,언더,미글로우,https://www.instagram.com/p/DdUB3sojqVl/
26.09.16,스레드,언더,미글로우,https://www.threads.com/@hanna.nahanna/post/DdUB88pCnkR
26.09.16,페이스북,언더,미글로우,https://facebook.com/122095630713484996/posts/122095181751484996
26.09.16,인스타,언더,미글로우,https://www.instagram.com/p/DdUsEnUjqbe/
26.09.16,스레드,언더,미글로우,https://www.threads.com/@hanna.nahanna/post/DdUsIjLDcx6
26.09.16,페이스북,언더,미글로우,https://facebook.com/122095630713484996/posts/122095183527484996
26.09.16,인스타,언더,미글로우,https://www.instagram.com/p/DdUsvFIjhBw/
26.09.16,스레드,언더,미글로우,https://www.threads.com/@hanna.nahanna/post/DdUsy5UCI_R
26.09.16,페이스북,언더,미글로우,https://facebook.com/122095630713484996/posts/122095204887484996
26.09.16,인스타,언더,미글로우,https://www.instagram.com/p/DdU1T9YDs5R/
26.09.16,스레드,언더,미글로우,https://www.threads.com/@hanna.nahanna/post/DdU1Xz4jZZe
26.09.16,유튜브,언더,미글로우,https://www.youtube.com/shorts/QLzzL3fi8CI
26.09.16,스레드,언더,미글로우,https://www.threads.com/@hanna.nahanna/post/DdVK46qj3nD
26.09.16,네이버 블로그,공식,시너젯,https://blog.naver.com/hironic-official/224413647609
26.09.16,네이버 블로그,언더,시너젯,https://blog.naver.com/kbeautyfy/224413654325
26.09.16,스레드,언더,미글로우,https://www.threads.com/@hanna.nahanna/post/DdVilakCJg8
26.09.16,유튜브,언더,미글로우,https://www.youtube.com/shorts/lGXG8xVgr5E
26.09.16,인스타,언더,미글로우,https://www.instagram.com/reel/DdViiAgEYVR/
26.09.16,페이스북,언더,미글로우,https://facebook.com/reel/1573936910568383
26.09.16,네이버 블로그,공식,시너젯,https://blog.naver.com/hironic-official/224413649653
26.09.16,네이버 블로그,언더,시너젯,https://blog.naver.com/kbeautyfy/224413656574
26.09.16,스레드,언더,미글로우,https://www.threads.com/@hanna.nahanna/post/DdV0IBgEhyB
26.09.16,유튜브,언더,미글로우,https://www.youtube.com/shorts/Tm2n_XXYf40
26.09.16,인스타,언더,미글로우,https://www.instagram.com/reel/DdV0CVuDyJM/
26.09.16,페이스북,언더,미글로우,https://facebook.com/reel/1058093260453998
26.09.16,네이버 블로그,공식,시너젯,https://blog.naver.com/hironic-official/224413650895
26.09.16,스레드,언더,미글로우,https://www.threads.com/@hanna.nahanna/post/DdV-KbGDdx6
26.09.16,유튜브,언더,미글로우,https://www.youtube.com/shorts/xnqY45tKiEs
26.09.16,인스타,언더,미글로우,https://www.instagram.com/reel/DdV-EjDEeF7/
26.09.16,페이스북,언더,미글로우,https://facebook.com/reel/1635090751393738
26.09.16,네이버 블로그,언더,시너젯,https://blog.naver.com/kbeautyfy/224413659158
26.09.16,스레드,언더,미글로우,https://www.threads.com/@hanna.nahanna/post/DdWInXSiRPF
26.09.16,유튜브,언더,미글로우,https://www.youtube.com/shorts/plVCbSeabSc
26.09.16,인스타,언더,미글로우,https://www.instagram.com/reel/DdWIiBgj8HY/
26.09.16,페이스북,언더,미글로우,https://facebook.com/reel/1383389713951354
26.09.16,스레드,언더,미글로우,https://www.threads.com/@hanna.nahanna/post/DdWSoMFCs2q
26.09.16,페이스북,언더,미글로우,https://facebook.com/reel/1811939866600965
26.09.17,스레드,언더,미글로우,https://www.threads.com/@hanna.nahanna/post/DdXbBsFjbeb
26.09.17,유튜브,언더,미글로우,https://www.youtube.com/shorts/tRv3mM3mbUQ
26.09.17,인스타,언더,미글로우,https://www.instagram.com/reel/DdXa4aaAA8F/
26.09.17,페이스북,언더,미글로우,https://facebook.com/reel/1619521322886585
26.09.17,네이버 블로그,공식,미글로우,https://blog.naver.com/hironic-official/224414590455
26.09.17,링크드인,언더,미글로우,https://linkedin.com/feed/update/urn:li:ugcPost:7506155648363995136
26.09.17,스레드,언더,미글로우,https://www.threads.com/@hanna.nahanna/post/DdXovo6iopw
26.09.17,유튜브,언더,미글로우,https://www.youtube.com/shorts/6FjPhr-qqI8
26.09.17,인스타,언더,미글로우,https://www.instagram.com/reel/DdXopKrlQqd/
26.09.17,틱톡,언더,미글로우,https://www.tiktok.com/@hannananhanna/video/7686303564725079314
26.09.17,페이스북,언더,미글로우,https://facebook.com/reel/1304157048367505
26.09.17,스레드,언더,미글로우,https://www.threads.com/@hanna.nahanna/post/DdXy3C1kbyU
26.09.17,유튜브,언더,미글로우,https://www.youtube.com/shorts/Kk93YctIebQ
26.09.17,인스타,언더,미글로우,https://www.instagram.com/reel/DdXyv7EFbCk/
26.09.17,틱톡,언더,미글로우,https://www.tiktok.com/@hannananhanna/video/7686326372075179272
26.09.17,페이스북,언더,미글로우,https://facebook.com/reel/2006360540064796
26.09.17,스레드,언더,미글로우,https://www.threads.com/@hanna.nahanna/post/DdX9RsaCHvP
26.09.17,인스타,언더,미글로우,https://www.instagram.com/p/DdX9NE7iE-p/
26.09.17,페이스북,언더,미글로우,https://facebook.com/122095630713484996/posts/122095948479484996
26.09.17,네이버 블로그,언더,미글로우,https://blog.naver.com/kbeautyfy/224414598093
26.09.17,네이버 블로그,언더,시너젯,https://blog.naver.com/kbeautyfy/224414596614
26.09.17,네이버 블로그,공식,시너젯,https://blog.naver.com/hironic-official/224414593758
26.09.17,네이버 블로그,공식,미글로우,https://blog.naver.com/hironic-official/224414592026
26.09.17,스레드,언더,미글로우,https://www.threads.com/@hanna.nahanna/post/DdYHcMHlYMI
26.09.17,유튜브,언더,미글로우,https://www.youtube.com/shorts/vPLvOyii2IY
26.09.17,인스타,언더,미글로우,https://www.instagram.com/reel/DdYHV38lUlN/
26.09.17,틱톡,언더,미글로우,https://www.tiktok.com/@hannananhanna/video/7686372693775518996
26.09.17,페이스북,언더,미글로우,https://facebook.com/reel/1599684938303429
26.09.17,스레드,언더,미글로우,https://www.threads.com/@glow_yuu/post/DdYVV-fkRH3
26.09.17,스레드,언더,미글로우,https://www.threads.com/@hanna.nahanna/post/DdYY8ZdCBdK
26.09.17,인스타,언더,미글로우,https://www.instagram.com/p/DdYY6LtiInH/
26.09.17,링크드인,언더,미글로우,https://linkedin.com/feed/update/urn:li:share:7506268445798326272
26.09.17,스레드,언더,미글로우,https://www.threads.com/@glow_yuu/post/DdYb85ljZlI
26.09.17,인스타,언더,미글로우,https://www.instagram.com/p/DdYb7wYjn2I/
26.09.17,스레드,언더,미글로우,https://www.threads.com/@hanna.nahanna/post/DdYi75HDqfI
26.09.17,유튜브,언더,미글로우,https://www.youtube.com/shorts/JyuLUdnylKc
26.09.17,인스타,언더,미글로우,https://www.instagram.com/reel/DdYi1rjjGhr/
26.09.17,페이스북,언더,미글로우,https://facebook.com/reel/1082442807862110
26.09.17,링크드인,언더,미글로우,https://linkedin.com/feed/update/urn:li:ugcPost:7506291825633128448
26.09.17,스레드,언더,미글로우,https://www.threads.com/@glow_yuu/post/DdYmoRwAnTz
26.09.17,유튜브,언더,미글로우,https://www.youtube.com/shorts/F5YIoVyNxNc
26.09.17,인스타,언더,미글로우,https://www.instagram.com/reel/DdYmkhjlRTh/
26.09.17,페이스북,언더,미글로우,https://facebook.com/reel/2794824877587002
26.09.17,유튜브,언더,미글로우,https://www.youtube.com/shorts/oEGvMVcUh7Q
26.09.17,인스타,언더,미글로우,https://www.instagram.com/reel/DdYtXB4gMZz/
26.09.17,페이스북,언더,미글로우,https://facebook.com/reel/1652133856471158
26.09.17,링크드인,언더,미글로우,https://linkedin.com/feed/update/urn:li:ugcPost:7506312053092118528
26.09.17,유튜브,언더,미글로우,https://www.youtube.com/shorts/Sko1xiEOHng
26.09.17,인스타,언더,미글로우,https://www.instagram.com/reel/DdYvxHODB6a/
26.09.17,페이스북,언더,미글로우,https://facebook.com/reel/2140271630199572
26.09.17,스레드,언더,미글로우,https://www.threads.com/@hanna.nahanna/post/DdY3Z6-CHVX
26.09.17,인스타,언더,미글로우,https://www.instagram.com/p/DdY3Xg-CKnz/
26.09.17,링크드인,언더,미글로우,https://linkedin.com/feed/update/urn:li:share:7506335788545114112
26.09.17,스레드,언더,미글로우,https://www.threads.com/@glow_yuu/post/DdY6k2sDf2M
26.09.17,인스타,언더,미글로우,https://www.instagram.com/p/DdY6jthHL4p/
26.09.17,스레드,언더,미글로우,https://www.threads.com/@hanna.nahanna/post/DdY-R06inc2
26.09.17,링크드인,언더,미글로우,https://linkedin.com/feed/update/urn:li:ugcPost:7506353396598079490
26.09.17,스레드,언더,미글로우,https://www.threads.com/@glow_yuu/post/DdZCoV7iFC5
26.09.17,페이스북,언더,미글로우,https://facebook.com/1248854194987109/posts/122095948479484996
26.09.18,스레드,언더,미글로우,https://www.threads.com/@hanna.nahanna/post/DdZ_yL7gJHw
26.09.18,유튜브,언더,미글로우,https://www.youtube.com/shorts/Guo_S1GwRHo
26.09.18,인스타,언더,미글로우,https://www.instagram.com/reel/DdZ_ol3kU7s/
26.09.18,틱톡,언더,미글로우,https://www.tiktok.com/@hannananhanna/video/7686643593569783057
26.09.18,페이스북,언더,미글로우,https://facebook.com/reel/1225297179795961
26.09.18,링크드인,언더,미글로우,https://linkedin.com/feed/update/urn:li:ugcPost:7506495748423786496
26.09.18,스레드,언더,미글로우,https://www.threads.com/@glow_yuu/post/DdaDa9tCmlH
26.09.18,유튜브,언더,미글로우,https://www.youtube.com/shorts/f0r3LwJDBHo
26.09.18,인스타,언더,미글로우,https://www.instagram.com/reel/DdaDV3hEfqe/
26.09.18,틱톡,언더,미글로우,https://www.tiktok.com/@user395954576131/video/7686651870516972807
26.09.18,페이스북,언더,미글로우,https://facebook.com/reel/1782838186189594
26.09.18,스레드,언더,미글로우,https://www.threads.com/@hanna.nahanna/post/DdaGgWTCF5h
26.09.18,인스타,언더,미글로우,https://www.instagram.com/p/DdaGeNliCVV/
26.09.18,페이스북,언더,미글로우,https://facebook.com/122095630713484996/posts/122096589621484996
26.09.18,링크드인,언더,미글로우,https://linkedin.com/feed/update/urn:li:share:7506510224678313984
26.09.18,스레드,언더,미글로우,https://www.threads.com/@glow_yuu/post/DdaJ6XeipXR
26.09.18,인스타,언더,미글로우,https://www.instagram.com/p/DdaJ4iwCE5d/
26.09.18,페이스북,언더,미글로우,https://facebook.com/122106804795473825/posts/122106081393473825
26.09.18,유튜브,언더,미글로우,https://www.youtube.com/shorts/fBLCRDZt2Ao
26.09.18,인스타,언더,미글로우,https://www.instagram.com/reel/DdaNblmFIR5/
26.09.18,틱톡,언더,미글로우,https://www.tiktok.com/@hannananhanna/video/7686674625685736711
26.09.18,페이스북,언더,미글로우,https://facebook.com/reel/4449892458590606
26.09.18,링크드인,언더,미글로우,https://linkedin.com/feed/update/urn:li:ugcPost:7506525675521150976
26.09.18,스레드,언더,미글로우,https://www.threads.com/@glow_yuu/post/DdaRATQD73-
26.09.18,유튜브,언더,미글로우,https://www.youtube.com/shorts/Eox2xpyR1JA
26.09.18,인스타,언더,미글로우,https://www.instagram.com/reel/DdaQ6qbAtK9/
26.09.18,틱톡,언더,미글로우,https://www.tiktok.com/@user395954576131/video/7686682262099856641
26.09.18,페이스북,언더,미글로우,https://facebook.com/reel/1122885336946492
26.09.18,스레드,언더,미글로우,https://www.threads.com/@hanna.nahanna/post/DdaUKVQCABE
26.09.18,네이버 블로그,공식,미글로우,https://blog.naver.com/hironic-official/224415842784
26.09.18,네이버 블로그,언더,시너젯,https://blog.naver.com/kbeautyfy/224415849685
26.09.18,링크드인,언더,미글로우,https://linkedin.com/feed/update/urn:li:share:7506540156749799424
26.09.18,스레드,언더,미글로우,https://www.threads.com/@glow_yuu/post/DdaXfnLinRn
26.09.18,스레드,언더,미글로우,https://www.threads.com/@hanna.nahanna/post/DdabKzEivD0
26.09.18,인스타,언더,미글로우,https://www.instagram.com/p/DdabGU8CI9x/
26.09.18,페이스북,언더,미글로우,https://facebook.com/122095630713484996/posts/122096683437484996
26.09.18,링크드인,언더,미글로우,https://linkedin.com/feed/update/urn:li:ugcPost:7506554377198026753
26.09.18,스레드,언더,미글로우,https://www.threads.com/@glow_yuu/post/DdaeG7uirdS
26.09.18,인스타,언더,미글로우,https://www.instagram.com/p/DdaeAx4CFLT/
26.09.18,페이스북,언더,미글로우,https://facebook.com/122106804795473825/posts/122106201597473825
26.09.18,스레드,언더,미글로우,https://www.threads.com/@hanna.nahanna/post/DdaiJPogsyq
26.09.18,유튜브,언더,미글로우,https://www.youtube.com/shorts/qQe0DNAjzBM
26.09.18,인스타,언더,미글로우,https://www.instagram.com/reel/DdaiDGykylO/
26.09.18,틱톡,언더,미글로우,https://www.tiktok.com/@hannananhanna/video/7686720913726835984
26.09.18,페이스북,언더,미글로우,https://facebook.com/reel/2266196800593780
26.09.18,네이버 블로그,공식,미글로우,https://blog.naver.com/hironic-official/224415844366
26.09.18,링크드인,언더,미글로우,https://linkedin.com/feed/update/urn:li:ugcPost:7506570157830565890
26.09.18,스레드,언더,미글로우,https://www.threads.com/@glow_yuu/post/DdalXsAkwwg
26.09.18,유튜브,언더,미글로우,https://www.youtube.com/shorts/x3T4Zf-c4Cg
26.09.18,인스타,언더,미글로우,https://www.instagram.com/reel/DdalQKPjJ-Q/
26.09.18,틱톡,언더,미글로우,https://www.tiktok.com/@user395954576131/video/7686728300789550353
26.09.18,페이스북,언더,미글로우,https://facebook.com/reel/1625543359108707
26.09.18,스레드,언더,미글로우,https://www.threads.com/@hanna.nahanna/post/Ddak-Bqo80A
26.09.18,네이버 블로그,언더,미글로우,https://blog.naver.com/kbeautyfy/224415852547
26.09.18,스레드,언더,미글로우,https://www.threads.com/@hanna.nahanna/post/Ddaozw8DZvX
26.09.18,인스타,언더,미글로우,https://www.instagram.com/p/DdaoxlOiCQM/
26.09.18,페이스북,언더,미글로우,https://facebook.com/122095630713484996/posts/122096748093484996
26.09.18,스레드,언더,미글로우,https://www.threads.com/@glow_yuu/post/DdaspqGin8J
26.09.18,인스타,언더,미글로우,https://www.instagram.com/p/DdasogTDPb0/
26.09.18,페이스북,언더,미글로우,https://facebook.com/122106804795473825/posts/122106280041473825
26.09.18,스레드,언더,미글로우,https://www.threads.com/@hanna.nahanna/post/Ddavta1CrRH
26.09.18,인스타,언더,미글로우,https://www.instagram.com/p/DdavrCniC_V/
26.09.18,페이스북,언더,미글로우,https://facebook.com/122095630713484996/posts/122096774559484996
26.09.18,네이버 블로그,공식,시너젯,https://blog.naver.com/hironic-official/224415847131
26.09.18,네이버 블로그,언더,미글로우,https://blog.naver.com/kbeautyfy/224415855211
26.09.18,스레드,언더,미글로우,https://www.threads.com/@glow_yuu/post/DdaziW9ivfm
26.09.18,인스타,언더,미글로우,https://www.instagram.com/p/DdazhF3lYAv/
26.09.18,페이스북,언더,미글로우,https://facebook.com/122106804795473825/posts/122106320679473825
26.09.18,스레드,언더,미글로우,https://www.threads.com/@hanna.nahanna/post/Dda2sOygZAk
26.09.18,유튜브,언더,미글로우,https://www.youtube.com/shorts/nuZDrHlxIsk
26.09.18,인스타,언더,미글로우,https://www.instagram.com/reel/Dda2lb5FEeO/
26.09.18,틱톡,언더,미글로우,https://www.tiktok.com/@hannananhanna/video/7686767341044075797
26.09.18,페이스북,언더,미글로우,https://facebook.com/reel/2536575513509148
26.09.18,스레드,언더,미글로우,https://www.threads.com/@glow_yuu/post/Dda59a0iLMH
26.09.18,유튜브,언더,미글로우,https://www.youtube.com/shorts/sSFIeBdVqq4
26.09.18,인스타,언더,미글로우,https://www.instagram.com/reel/Dda548_E93C/
26.09.18,틱톡,언더,미글로우,https://www.tiktok.com/@user395954576131/video/7686774714382994709
26.09.18,페이스북,언더,미글로우,https://facebook.com/reel/2829806357400840
26.09.18,스레드,언더,미글로우,https://www.threads.com/@hanna.nahanna/post/Dda9gvFDUrm
26.09.18,스레드,언더,미글로우,https://www.threads.com/@glow_yuu/post/DdbBV69Da_9
26.09.18,스레드,언더,미글로우,https://www.threads.com/@hanna.nahanna/post/DdbEhMaj8A2
26.09.18,유튜브,언더,미글로우,https://www.youtube.com/shorts/J0KnpXUe_5c
26.09.18,인스타,언더,미글로우,https://www.instagram.com/reel/DdbEcJ3EpCj/
26.09.18,틱톡,언더,미글로우,https://www.tiktok.com/@hannananhanna/video/7686798488717364500
26.09.18,페이스북,언더,미글로우,https://facebook.com/reel/1411065154549413
26.09.18,스레드,언더,미글로우,https://www.threads.com/@glow_yuu/post/DdbHU0yib3H
26.09.18,유튜브,언더,미글로우,https://www.youtube.com/shorts/wlBFRqkjkZU
26.09.18,인스타,언더,미글로우,https://www.instagram.com/reel/DdbHPf3ikQn/
26.09.18,틱톡,언더,미글로우,https://www.tiktok.com/@user395954576131/video/7686804822925774100
26.09.18,페이스북,언더,미글로우,https://facebook.com/reel/940904315333062
26.09.18,스레드,언더,미글로우,https://www.threads.com/@hanna.nahanna/post/DdbLW8VCPBf
26.09.18,인스타,언더,미글로우,https://www.instagram.com/p/DdbLRqiFIH-/
26.09.18,페이스북,언더,미글로우,https://facebook.com/122095630713484996/posts/122096922759484996
26.09.18,스레드,언더,미글로우,https://www.threads.com/@glow_yuu/post/DdbOQ2SCFcY
26.09.18,인스타,언더,미글로우,https://www.instagram.com/p/DdbONGrAD7w/
26.09.18,페이스북,언더,미글로우,https://facebook.com/122106804795473825/posts/122106489249473825
26.09.18,스레드,언더,미글로우,https://www.threads.com/@hanna.nahanna/post/DdbSPV8AUoF
26.09.18,유튜브,언더,미글로우,https://www.youtube.com/shorts/4XqFz8YjFnE
26.09.18,인스타,언더,미글로우,https://www.instagram.com/reel/DdbSIuLCISx/
26.09.18,틱톡,언더,미글로우,https://www.tiktok.com/@hannananhanna/video/7686829392672115988
26.09.18,페이스북,언더,미글로우,https://facebook.com/reel/1078936025063688
26.09.18,스레드,언더,미글로우,https://www.threads.com/@glow_yuu/post/DdbU8MYgSrS
26.09.18,유튜브,언더,미글로우,https://www.youtube.com/shorts/XB1O3cDWDNk
26.09.18,인스타,언더,미글로우,https://www.instagram.com/reel/DdbU3JcCP-U/
26.09.18,틱톡,언더,미글로우,https://www.tiktok.com/@user395954576131/video/7686835417907285265
26.09.18,페이스북,언더,미글로우,https://facebook.com/reel/1115341924386916
26.09.18,스레드,언더,미글로우,https://www.threads.com/@hanna.nahanna/post/DdbZAhyCtVq
26.09.18,인스타,언더,미글로우,https://www.instagram.com/p/DdbY9o6lCe3/
26.09.18,페이스북,언더,미글로우,https://facebook.com/122095630713484996/posts/122096994669484996
26.09.18,스레드,언더,미글로우,https://www.threads.com/@glow_yuu/post/DdbcX-vDa9X
26.09.18,인스타,언더,미글로우,https://www.instagram.com/p/DdbcW6rGAS8/
26.09.18,페이스북,언더,미글로우,https://facebook.com/122106804795473825/posts/122106639681473825
26.09.18,스레드,언더,미글로우,https://www.threads.com/@hanna.nahanna/post/Ddbf1_cDdYX
26.09.18,인스타,언더,미글로우,https://www.instagram.com/p/Ddbf1HAlHu7/
26.09.18,페이스북,언더,미글로우,https://facebook.com/122095630713484996/posts/122097038199484996
26.09.18,스레드,언더,미글로우,https://www.threads.com/@glow_yuu/post/Ddbi5mniLk1
26.09.18,인스타,언더,미글로우,https://www.instagram.com/p/Ddbi4gjklY1/
26.09.18,페이스북,언더,미글로우,https://facebook.com/122106804795473825/posts/122106735807473825
26.09.18,페이스북,언더,미글로우,https://facebook.com//posts/122096589621484996
26.09.18,페이스북,언더,미글로우,https://facebook.com/1248854194987109/posts/122096683437484996
26.09.18,페이스북,언더,미글로우,https://facebook.com//posts/122096748093484996
26.09.18,페이스북,언더,미글로우,https://facebook.com//posts/122096774559484996
26.09.18,페이스북,언더,미글로우,https://facebook.com/1248854194987109/posts/122096922759484996
26.09.18,페이스북,언더,미글로우,https://facebook.com//posts/122096994669484996
26.09.18,페이스북,언더,미글로우,https://facebook.com//posts/122097038199484996
26.09.19,스레드,언더,미글로우,https://www.threads.com/@hanna.nahanna/post/DdckomqAsuT
26.09.19,유튜브,언더,미글로우,https://www.youtube.com/shorts/UjlcAuQ3e8g
26.09.19,인스타,언더,미글로우,https://www.instagram.com/reel/DdckcySEQtp/
26.09.19,틱톡,언더,미글로우,https://www.tiktok.com/@hannananhanna/video/7687014731902766344
26.09.19,페이스북,언더,미글로우,https://facebook.com/reel/1404469297713345
26.09.19,링크드인,언더,미글로우,https://linkedin.com/feed/update/urn:li:ugcPost:7506858134775394304
26.09.19,스레드,언더,미글로우,https://www.threads.com/@glow_yuu/post/DdcoLjJibGB
26.09.19,유튜브,언더,미글로우,https://www.youtube.com/shorts/CwUi9vNx50A
26.09.19,인스타,언더,미글로우,https://www.instagram.com/reel/DdcoGLJjWXu/
26.09.19,틱톡,언더,미글로우,https://www.tiktok.com/@user395954576131/video/7687022862225476871
26.09.19,페이스북,언더,미글로우,https://facebook.com/reel/2313304422835717
26.09.19,스레드,언더,미글로우,https://www.threads.com/@hanna.nahanna/post/DdcrWyLDQCu
26.09.19,인스타,언더,미글로우,https://www.instagram.com/p/DdcrQ1yFCn5/
26.09.19,페이스북,언더,미글로우,https://facebook.com/122095630713484996/posts/122097506973484996
26.09.19,링크드인,언더,미글로우,https://linkedin.com/feed/update/urn:li:ugcPost:7506872940085374976
26.09.19,스레드,언더,미글로우,https://www.threads.com/@glow_yuu/post/Ddcu7k1Cha9
26.09.19,인스타,언더,미글로우,https://www.instagram.com/p/Ddcu2iAlp1o/
26.09.19,페이스북,언더,미글로우,https://facebook.com/122106804795473825/posts/122107205157473825
26.09.19,스레드,언더,미글로우,https://www.threads.com/@hanna.nahanna/post/DdcyPqhidhl
26.09.19,유튜브,언더,미글로우,https://www.youtube.com/shorts/iD8-bmvM6QM
26.09.19,인스타,언더,미글로우,https://www.instagram.com/reel/DdcyKSqjr0Z/
26.09.19,틱톡,언더,미글로우,https://www.tiktok.com/@hannananhanna/video/7687045585584622869
26.09.19,페이스북,언더,미글로우,https://facebook.com/reel/1589025516239996
26.09.19,링크드인,언더,미글로우,https://linkedin.com/feed/update/urn:li:ugcPost:7506887830636462080
26.09.19,스레드,언더,미글로우,https://www.threads.com/@glow_yuu/post/Ddc1ryEFnOU
26.09.19,유튜브,언더,미글로우,https://www.youtube.com/shorts/VyTM3Dxw5Yw
26.09.19,인스타,언더,미글로우,https://www.instagram.com/reel/Ddc1nBhgovS/
26.09.19,틱톡,언더,미글로우,https://www.tiktok.com/@user395954576131/video/7687053296443428103
26.09.19,페이스북,언더,미글로우,https://facebook.com/reel/1109967488142021
26.09.19,스레드,언더,미글로우,https://www.threads.com/@hanna.nahanna/post/Ddc49LOCOoW
26.09.19,스레드,언더,미글로우,https://www.threads.com/@glow_yuu/post/Ddc8BM3CvH3
26.09.19,스레드,언더,미글로우,https://www.threads.com/@hanna.nahanna/post/Ddc_3M1CE5s
26.09.19,인스타,언더,미글로우,https://www.instagram.com/p/Ddc_1hOCHTO/
26.09.19,페이스북,언더,미글로우,https://facebook.com/122095630713484996/posts/122097587823484996
26.09.19,스레드,언더,미글로우,https://www.threads.com/@glow_yuu/post/DddDuuBCpvd
26.09.19,인스타,언더,미글로우,https://www.instagram.com/p/DddDs_6iDTK/
26.09.19,페이스북,언더,미글로우,https://facebook.com/122106804795473825/posts/122107330191473825
26.09.19,스레드,언더,미글로우,https://www.threads.com/@hanna.nahanna/post/DddG9tsjLCS
26.09.19,유튜브,언더,미글로우,https://www.youtube.com/shorts/wFgODB483Vs
26.09.19,인스타,언더,미글로우,https://www.instagram.com/reel/DddG4aIEnBJ/
26.09.19,틱톡,언더,미글로우,https://www.tiktok.com/@hannananhanna/video/7687092228040264967
26.09.19,페이스북,언더,미글로우,https://facebook.com/reel/2757618677968135
26.09.19,스레드,언더,미글로우,https://www.threads.com/@glow_yuu/post/DddJdzVj1da
26.09.19,유튜브,언더,미글로우,https://www.youtube.com/shorts/-JGoN2IkvpY
26.09.19,인스타,언더,미글로우,https://www.instagram.com/reel/DddJXNMAA_o/
26.09.19,틱톡,언더,미글로우,https://www.tiktok.com/@user395954576131/video/7687097659596836113
26.09.19,페이스북,언더,미글로우,https://facebook.com/reel/2225672777997082
26.09.19,스레드,언더,미글로우,https://www.threads.com/@hanna.nahanna/post/DddNk44itKL
26.09.19,인스타,언더,미글로우,https://www.instagram.com/p/DddNj2glwHg/
26.09.19,페이스북,언더,미글로우,https://facebook.com/122095630713484996/posts/122097655137484996
26.09.19,스레드,언더,미글로우,https://www.threads.com/@glow_yuu/post/DddQMBliHa-
26.09.19,인스타,언더,미글로우,https://www.instagram.com/p/DddQKsElmVd/
26.09.19,페이스북,언더,미글로우,https://facebook.com/122106804795473825/posts/122107415439473825
26.09.19,스레드,언더,미글로우,https://www.threads.com/@hanna.nahanna/post/DddUle3CPw2
26.09.19,인스타,언더,미글로우,https://www.instagram.com/p/DddUeQzl0Qg/
26.09.19,페이스북,언더,미글로우,https://facebook.com/122095630713484996/posts/122097693765484996
26.09.19,스레드,언더,미글로우,https://www.threads.com/@glow_yuu/post/DddXB84CO0G
26.09.19,인스타,언더,미글로우,https://www.instagram.com/p/DddW8xEGBXH/
26.09.19,페이스북,언더,미글로우,https://facebook.com/122106804795473825/posts/122107460883473825
26.09.19,스레드,언더,미글로우,https://www.threads.com/@hanna.nahanna/post/DddbgdeDTQU
26.09.19,유튜브,언더,미글로우,https://www.youtube.com/shorts/qbOiiwtIi6M
26.09.19,인스타,언더,미글로우,https://www.instagram.com/reel/DddbayCjlv-/
26.09.19,틱톡,언더,미글로우,https://www.tiktok.com/@hannananhanna/video/7687138493931293959
26.09.19,페이스북,언더,미글로우,https://facebook.com/reel/2542204186203904
26.09.19,스레드,언더,미글로우,https://www.threads.com/@glow_yuu/post/DddelgLjKYo
26.09.19,유튜브,언더,미글로우,https://www.youtube.com/shorts/JSKLT4Lk5yc
26.09.19,인스타,언더,미글로우,https://www.instagram.com/reel/DddegURgpAF/
26.09.19,틱톡,언더,미글로우,https://www.tiktok.com/@user395954576131/video/7687145419385654536
26.09.19,페이스북,언더,미글로우,https://facebook.com/reel/1733352611112649
26.09.19,스레드,언더,미글로우,https://www.threads.com/@hanna.nahanna/post/DddiTQSCmED
26.09.19,인스타,언더,미글로우,https://www.instagram.com/p/DddiQF3F2qK/
26.09.19,페이스북,언더,미글로우,https://facebook.com/122095630713484996/posts/122097753105484996
26.09.19,스레드,언더,미글로우,https://www.threads.com/@glow_yuu/post/DddlsxKla4x
26.09.19,인스타,언더,미글로우,https://www.instagram.com/p/Dddlrr8mkkU/
26.09.19,페이스북,언더,미글로우,https://facebook.com/122106804795473825/posts/122107560393473825
26.09.19,스레드,언더,미글로우,https://www.threads.com/@hanna.nahanna/post/DddpL_VE07a
26.09.19,유튜브,언더,미글로우,https://www.youtube.com/shorts/8RSFdYEJBW0
26.09.19,인스타,언더,미글로우,https://www.instagram.com/reel/DddpGs8ijgW/
26.09.19,틱톡,언더,미글로우,https://www.tiktok.com/@hannananhanna/video/7687169290574892309
26.09.19,페이스북,언더,미글로우,https://facebook.com/reel/1572541184671944
26.09.19,스레드,언더,미글로우,https://www.threads.com/@glow_yuu/post/DddsBu4ifuS
26.09.19,유튜브,언더,미글로우,https://www.youtube.com/shorts/J6CBwSZ6Xp0
26.09.19,인스타,언더,미글로우,https://www.instagram.com/reel/Dddr9rbj-EK/
26.09.19,틱톡,언더,미글로우,https://www.tiktok.com/@user395954576131/video/7687175690763914517
26.09.19,페이스북,언더,미글로우,https://facebook.com/reel/1884834039540663
26.09.19,스레드,언더,미글로우,https://www.threads.com/@hanna.nahanna/post/DddwFBGCIwM
26.09.19,인스타,언더,미글로우,https://www.instagram.com/p/Dddv-qql_c3/
26.09.19,페이스북,언더,미글로우,https://facebook.com/122095630713484996/posts/122097827691484996
26.09.19,스레드,언더,미글로우,https://www.threads.com/@glow_yuu/post/Dddy6w5jdC9
26.09.19,인스타,언더,미글로우,https://www.instagram.com/p/Dddy4dnEVCd/
26.09.19,페이스북,언더,미글로우,https://facebook.com/122106804795473825/posts/122107661337473825
26.09.19,스레드,언더,미글로우,https://www.threads.com/@hanna.nahanna/post/Ddd262dAoxT
26.09.19,유튜브,언더,미글로우,https://www.youtube.com/shorts/dp37wdUowvs
26.09.19,인스타,언더,미글로우,https://www.instagram.com/reel/Ddd21YUDhvd/
26.09.19,틱톡,언더,미글로우,https://www.tiktok.com/@hannananhanna/video/7687200198430330133
26.09.19,페이스북,언더,미글로우,https://facebook.com/reel/1098673216146734
26.09.19,스레드,언더,미글로우,https://www.threads.com/@glow_yuu/post/Ddd6jTrDcAX
26.09.19,유튜브,언더,미글로우,https://www.youtube.com/shorts/ZybyoJP5sOM
26.09.19,인스타,언더,미글로우,https://www.instagram.com/reel/Ddd6dJeFSFA/
26.09.19,틱톡,언더,미글로우,https://www.tiktok.com/@user395954576131/video/7687208388282813704
26.09.19,페이스북,언더,미글로우,https://facebook.com/reel/2683963428724845
26.09.19,스레드,언더,미글로우,https://www.threads.com/@hanna.nahanna/post/Ddd9yJXik99
26.09.19,인스타,언더,미글로우,https://www.instagram.com/p/Ddd9sCXl1XG/
26.09.19,페이스북,언더,미글로우,https://facebook.com/122095630713484996/posts/122097906345484996
26.09.19,스레드,언더,미글로우,https://www.threads.com/@glow_yuu/post/DdeA-FBiB-e
26.09.19,인스타,언더,미글로우,https://www.instagram.com/p/DdeA3-BiIDI/
26.09.19,페이스북,언더,미글로우,https://facebook.com/122106804795473825/posts/122107803825473825
26.09.19,스레드,언더,미글로우,https://www.threads.com/@hanna.nahanna/post/DdeEiG-ChhU
26.09.19,스레드,언더,미글로우,https://www.threads.com/@glow_yuu/post/DdeHNhxiAt9
26.09.19,페이스북,언더,미글로우,https://facebook.com/1248854194987109/posts/122097506973484996
26.09.19,페이스북,언더,미글로우,https://facebook.com//posts/122097587823484996
26.09.19,페이스북,언더,미글로우,https://facebook.com//posts/122097655137484996
26.09.19,페이스북,언더,미글로우,https://facebook.com/1248854194987109/posts/122097693765484996
26.09.19,페이스북,언더,미글로우,https://facebook.com//posts/122097753105484996
26.09.19,페이스북,언더,미글로우,https://facebook.com/1248854194987109/posts/122097827691484996
26.09.19,페이스북,언더,미글로우,https://facebook.com/1248854194987109/posts/122097906345484996
26.09.20,스레드,언더,미글로우,https://www.threads.com/@hanna.nahanna/post/DdfJLcoAbJZ
26.09.20,유튜브,언더,미글로우,https://www.youtube.com/shorts/iPBMKaS5p9M
26.09.20,틱톡,언더,미글로우,https://www.tiktok.com/@hannananhanna/video/7687385411097775377
26.09.20,링크드인,언더,미글로우,https://linkedin.com/feed/update/urn:li:ugcPost:7507218523874652160
26.09.20,스레드,언더,미글로우,https://www.threads.com/@glow_yuu/post/DdfMGPsglFj
26.09.20,유튜브,언더,미글로우,https://www.youtube.com/shorts/-o2B4Rr0yNo
26.09.20,인스타,언더,미글로우,https://www.instagram.com/reel/DdfL_yolBqJ/
26.09.20,틱톡,언더,미글로우,https://www.tiktok.com/@user395954576131/video/7687392008691797268
26.09.20,페이스북,언더,미글로우,https://facebook.com/reel/1773315963721343
26.09.20,스레드,언더,미글로우,https://www.threads.com/@hanna.nahanna/post/DdfQBpkDcWx
26.09.20,링크드인,언더,미글로우,https://linkedin.com/feed/update/urn:li:share:7507233726611795969
26.09.20,스레드,언더,미글로우,https://www.threads.com/@glow_yuu/post/DdfS6_mCNkD
26.09.20,인스타,언더,미글로우,https://www.instagram.com/p/DdfS5NTiIRH/
26.09.20,페이스북,언더,미글로우,https://facebook.com/122106804795473825/posts/122108464407473825
26.09.20,스레드,언더,미글로우,https://www.threads.com/@hanna.nahanna/post/DdfW7gZgKXE
26.09.20,유튜브,언더,미글로우,https://www.youtube.com/shorts/J-UjCo8sSfE
26.09.20,틱톡,언더,미글로우,https://www.tiktok.com/@hannananhanna/video/7687416397156158740
26.09.20,링크드인,언더,미글로우,https://linkedin.com/feed/update/urn:li:ugcPost:7507249686987153409
26.09.20,스레드,언더,미글로우,https://www.threads.com/@glow_yuu/post/DdfaQi1iLpK
26.09.20,유튜브,언더,미글로우,https://www.youtube.com/shorts/CczDV99XOko
26.09.20,인스타,언더,미글로우,https://www.instagram.com/reel/DdfaJ6xjbxy/
26.09.20,틱톡,언더,미글로우,https://www.tiktok.com/@user395954576131/video/7687423895372057876
26.09.20,페이스북,언더,미글로우,https://facebook.com/reel/2629260930876211
26.09.20,스레드,언더,미글로우,https://www.threads.com/@hanna.nahanna/post/Ddfdv33ChVf
26.09.20,스레드,언더,미글로우,https://www.threads.com/@glow_yuu/post/DdfhgCpCG5G
26.09.20,스레드,언더,미글로우,https://www.threads.com/@hanna.nahanna/post/DdfkohFjGh0
26.09.20,스레드,언더,미글로우,https://www.threads.com/@glow_yuu/post/DdfnwTtihl5
26.09.20,인스타,언더,미글로우,https://www.instagram.com/p/DdfnqTWiA-i/
26.09.20,페이스북,언더,미글로우,https://facebook.com/122106804795473825/posts/122108640357473825
26.09.20,스레드,언더,미글로우,https://www.threads.com/@hanna.nahanna/post/DdfrrCeDPWy
26.09.20,유튜브,언더,미글로우,https://www.youtube.com/shorts/JXCclduLxPU
26.09.20,틱톡,언더,미글로우,https://www.tiktok.com/@hannananhanna/video/7687463105063931144
26.09.20,스레드,언더,미글로우,https://www.threads.com/@glow_yuu/post/DdfvDFIlA5D
26.09.20,유튜브,언더,미글로우,https://www.youtube.com/shorts/W5csqwDWPaE
26.09.20,인스타,언더,미글로우,https://www.instagram.com/reel/Ddfu9qLEWCQ/
26.09.20,틱톡,언더,미글로우,https://www.tiktok.com/@user395954576131/video/7687470744237821191
26.09.20,페이스북,언더,미글로우,https://facebook.com/reel/1103919765502901
26.09.20,스레드,언더,미글로우,https://www.threads.com/@hanna.nahanna/post/Ddfv2VPgRzR
26.09.20,유튜브,언더,미글로우,https://www.youtube.com/shorts/HhNt0tsEkMY
26.09.20,틱톡,언더,미글로우,https://www.tiktok.com/@hannananhanna/video/7687472507569425684
26.09.20,스레드,언더,미글로우,https://www.threads.com/@hanna.nahanna/post/DdfwYeOCX0r
26.09.20,유튜브,언더,미글로우,https://www.youtube.com/shorts/A2sl4MWLcMU
26.09.20,틱톡,언더,미글로우,https://www.tiktok.com/@hannananhanna/video/7687473684826623252
26.09.20,스레드,언더,미글로우,https://www.threads.com/@hanna.nahanna/post/DdfwnZzG8zR
26.09.20,유튜브,언더,미글로우,https://www.youtube.com/shorts/IdU5km2QV7k
26.09.20,틱톡,언더,미글로우,https://www.tiktok.com/@hannananhanna/video/7687474244107783444
26.09.20,스레드,언더,미글로우,https://www.threads.com/@glow_yuu/post/Ddfw3NeiRuM
26.09.20,유튜브,언더,미글로우,https://www.youtube.com/shorts/HKI1PnvtJJQ
26.09.20,인스타,언더,미글로우,https://www.instagram.com/reel/DdfwxwkiJzd/
26.09.20,틱톡,언더,미글로우,https://www.tiktok.com/@user395954576131/video/7687474687491755265
26.09.20,페이스북,언더,미글로우,https://facebook.com/reel/965212899964297
26.09.20,스레드,언더,미글로우,https://www.threads.com/@hanna.nahanna/post/DdfyWkaCF2d
26.09.20,스레드,언더,미글로우,https://www.threads.com/@glow_yuu/post/Ddf2NokjTkq
26.09.20,스레드,언더,미글로우,https://www.threads.com/@hanna.nahanna/post/Ddf5VSVCBXS
26.09.20,스레드,언더,미글로우,https://www.threads.com/@glow_yuu/post/Ddf72D6iLL7
26.09.20,인스타,언더,미글로우,https://www.instagram.com/p/Ddf71ASFNaS/
26.09.20,페이스북,언더,미글로우,https://facebook.com/122106804795473825/posts/122108789025473825
26.09.20,스레드,언더,미글로우,https://www.threads.com/@hanna.nahanna/post/DdgAKttFSJZ
26.09.20,유튜브,언더,미글로우,https://www.youtube.com/shorts/mbvLHqIHDB0
26.09.20,틱톡,언더,미글로우,https://www.tiktok.com/@hannananhanna/video/7687509256765050133
26.09.20,스레드,언더,미글로우,https://www.threads.com/@glow_yuu/post/DdgDKakDOJF
26.09.20,유튜브,언더,미글로우,https://www.youtube.com/shorts/ro22Bye2pso
26.09.20,틱톡,언더,미글로우,https://www.tiktok.com/@user395954576131/video/7687516029584461077
26.09.20,페이스북,언더,미글로우,https://facebook.com/122106804795473825/posts/29077584551847394
26.09.20,스레드,언더,미글로우,https://www.threads.com/@hanna.nahanna/post/DdgHCUrDbjn
26.09.20,스레드,언더,미글로우,https://www.threads.com/@glow_yuu/post/DdgKeSqCOnC
26.09.20,스레드,언더,미글로우,https://www.threads.com/@hanna.nahanna/post/DdgN7ODlWIc
26.09.20,유튜브,언더,미글로우,https://www.youtube.com/shorts/zInGCwWgMOg
26.09.20,틱톡,언더,미글로우,https://www.tiktok.com/@hannananhanna/video/7687540249030954261
26.09.20,스레드,언더,미글로우,https://www.threads.com/@glow_yuu/post/DdgQxpIicuv
26.09.20,유튜브,언더,미글로우,https://www.youtube.com/shorts/4AC3oMX5Z1Y
26.09.20,인스타,언더,미글로우,https://www.instagram.com/reel/DdgQr6bgYU0/
26.09.20,틱톡,언더,미글로우,https://www.tiktok.com/@user395954576131/video/7687546659059797269
26.09.20,페이스북,언더,미글로우,https://facebook.com/reel/1433654802004185
26.09.20,스레드,언더,미글로우,https://www.threads.com/@hanna.nahanna/post/DdgUxWLjZZ2
26.09.20,스레드,언더,미글로우,https://www.threads.com/@glow_yuu/post/DdgXxkYCqGa
26.09.20,인스타,언더,미글로우,https://www.instagram.com/p/DdgXwW1ABFE/
26.09.20,페이스북,언더,미글로우,https://facebook.com/122106804795473825/posts/122109007929473825
26.09.20,스레드,언더,미글로우,https://www.threads.com/@hanna.nahanna/post/Ddgbo07lOUX
26.09.20,유튜브,언더,미글로우,https://www.youtube.com/shorts/OZxSZGypKDQ
26.09.20,틱톡,언더,미글로우,https://www.tiktok.com/@hannananhanna/video/7687571108886990101
26.09.20,스레드,언더,미글로우,https://www.threads.com/@glow_yuu/post/DdgfF_tAp13
26.09.20,유튜브,언더,미글로우,https://www.youtube.com/shorts/p5oE4Vtef5E
26.09.20,틱톡,언더,미글로우,https://www.tiktok.com/@user395954576131/video/7687578783896898833
26.09.20,스레드,언더,미글로우,https://www.threads.com/@hanna.nahanna/post/Ddgij99jSs8
26.09.20,스레드,언더,미글로우,https://www.threads.com/@glow_yuu/post/DdglzoyCG9g
26.09.20,스레드,언더,미글로우,https://www.threads.com/@hanna.nahanna/post/Ddgpif0ikmE
26.09.20,스레드,언더,미글로우,https://www.threads.com/@glow_yuu/post/Ddgr9fyil54
26.09.21,스레드,언더,미글로우,https://www.threads.com/@hanna.nahanna/post/DdhsPfRjbon
26.09.21,스레드,언더,미글로우,https://www.threads.com/@hanna.nahanna/post/Ddhsq-SgEWp
26.09.21,유튜브,언더,미글로우,https://www.youtube.com/shorts/TIpUrIIO4tQ
26.09.21,틱톡,언더,미글로우,https://www.tiktok.com/@hannananhanna/video/7687753540256779538
26.09.21,스레드,언더,미글로우,https://www.threads.com/@hanna.nahanna/post/DdhsyQWDr9W
26.09.21,유튜브,언더,미글로우,https://www.youtube.com/shorts/m_IVmlfIlag
26.09.21,틱톡,언더,미글로우,https://www.tiktok.com/@hannananhanna/video/7687753835992845586
26.09.21,스레드,언더,미글로우,https://www.threads.com/@hanna.nahanna/post/DdhvTjikYw8
26.09.21,유튜브,언더,미글로우,https://www.youtube.com/shorts/DOgEH8G3lY8
26.09.21,틱톡,언더,미글로우,https://www.tiktok.com/@hannananhanna/video/7687758753298533649
26.09.21,인스타,언더,미글로우,https://www.instagram.com/reel/Ddh0gT1if9g/
26.09.21,페이스북,언더,미글로우,https://facebook.com/reel/2751400148587927
26.09.21,네이버 블로그,공식,미글로우,https://blog.naver.com/hironic-official/224418428608
26.09.21,스레드,언더,미글로우,https://www.threads.com/@hanna.nahanna/post/DdiC383kdMB
26.09.21,유튜브,언더,미글로우,https://www.youtube.com/shorts/iqW1XP02uKc
26.09.21,틱톡,언더,미글로우,https://www.tiktok.com/@hannananhanna/video/7687803571902926100
26.09.21,스레드,언더,미글로우,https://www.threads.com/@hanna.nahanna/post/DdiFKYIAQwC
26.09.21,유튜브,언더,미글로우,https://www.youtube.com/shorts/sNW27PmxPSA
26.09.21,틱톡,언더,미글로우,https://www.tiktok.com/@hannananhanna/video/7687808757060930837
26.09.21,링크드인,언더,미글로우,https://linkedin.com/feed/update/urn:li:ugcPost:7507626574175776768
26.09.21,스레드,언더,미글로우,https://www.threads.com/@glow_yuu/post/DdiFkLWiOsu
26.09.21,링크드인,언더,미글로우,https://linkedin.com/feed/update/urn:li:ugcPost:7507634621627404288
26.09.21,스레드,언더,미글로우,https://www.threads.com/@glow_yuu/post/DdiJNYalO6f
26.09.21,유튜브,언더,미글로우,https://www.youtube.com/shorts/H1jwFfaiu-E
26.09.21,틱톡,언더,미글로우,https://www.tiktok.com/@user395954576131/video/7687817815381789970
26.09.21,스레드,언더,미글로우,https://www.threads.com/@glow_yuu/post/DdiK4ecjHDP
26.09.21,유튜브,언더,미글로우,https://www.youtube.com/shorts/AW5KQlBldSk
26.09.21,인스타,언더,미글로우,https://www.instagram.com/p/DdiK6TUHZHE/
26.09.21,틱톡,언더,미글로우,https://www.tiktok.com/@user395954576131/video/7687821605241736468
26.09.21,페이스북,언더,미글로우,https://facebook.com/122106804795473825/posts/122109494073473825
26.09.21,네이버 블로그,공식,미글로우,https://blog.naver.com/hironic-official/224418430983
26.09.21,네이버 블로그,언더,시너젯,https://blog.naver.com/kbeautyfy/224418436617
26.09.21,링크드인,언더,미글로우,https://linkedin.com/feed/update/urn:li:ugcPost:7507646203094822914
26.09.21,스레드,언더,미글로우,https://www.threads.com/@glow_yuu/post/DdiOeOOjI_O
26.09.21,유튜브,언더,미글로우,https://www.youtube.com/shorts/IVgQYYShgV0
26.09.21,틱톡,언더,미글로우,https://www.tiktok.com/@user395954576131/video/7687829702639144213
26.09.21,스레드,언더,미글로우,https://www.threads.com/@hanna.nahanna/post/DdiX7mcESs4
26.09.21,유튜브,언더,미글로우,https://www.youtube.com/shorts/MwJtTgGaq08
26.09.21,틱톡,언더,미글로우,https://www.tiktok.com/@hannananhanna/video/7687850743621094657
26.09.21,네이버 블로그,공식,시너젯,https://blog.naver.com/hironic-official/224418433074
26.09.21,네이버 블로그,언더,미글로우,https://blog.naver.com/kbeautyfy/224418438592
26.09.21,스레드,언더,미글로우,https://www.threads.com/@hanna.nahanna/post/DdicvdnjOlY
26.09.21,유튜브,언더,미글로우,https://www.youtube.com/shorts/b2NbMvZOS4I
26.09.21,틱톡,언더,미글로우,https://www.tiktok.com/@hannananhanna/video/7687861843175673109
26.09.21,인스타,언더,미글로우,https://www.instagram.com/reel/Ddih8A7AI8R/
26.09.21,페이스북,언더,미글로우,https://facebook.com/reel/2067986270493046
26.09.21,네이버 블로그,공식,시너젯,https://blog.naver.com/hironic-official/224418434247
26.09.21,스레드,언더,미글로우,https://www.threads.com/@glow_yuu/post/Ddil5avAFS1
26.09.21,유튜브,언더,미글로우,https://www.youtube.com/shorts/VXsp6puSsgA
26.09.21,틱톡,언더,미글로우,https://www.tiktok.com/@user395954576131/video/7687882190616562945
26.09.21,스레드,언더,미글로우,https://www.threads.com/@hanna.nahanna/post/Ddio4YfDnwU
26.09.21,유튜브,언더,미글로우,https://www.youtube.com/shorts/9NerQuLDrq8
26.09.21,틱톡,언더,미글로우,https://www.tiktok.com/@hannananhanna/video/7687889181032336660
26.09.21,네이버 블로그,언더,미글로우,https://blog.naver.com/kbeautyfy/224418439828
26.09.21,스레드,언더,미글로우,https://www.threads.com/@glow_yuu/post/DdiqPigiKkV
26.09.21,유튜브,언더,미글로우,https://www.youtube.com/shorts/RXYmqSwF88g
26.09.21,틱톡,언더,미글로우,https://www.tiktok.com/@user395954576131/video/7687892232090733845
26.09.21,스레드,언더,미글로우,https://www.threads.com/@hanna.nahanna/post/DdiwbeEjXR-
26.09.21,유튜브,언더,미글로우,https://www.youtube.com/shorts/fYlWUd2cNTM
26.09.21,틱톡,언더,미글로우,https://www.tiktok.com/@hannananhanna/video/7687906157205196053
26.09.21,스레드,언더,미글로우,https://www.threads.com/@glow_yuu/post/Ddi3wFCiIAY
26.09.21,유튜브,언더,미글로우,https://www.youtube.com/shorts/qsMQZp1Jn74
26.09.21,틱톡,언더,미글로우,https://www.tiktok.com/@user395954576131/video/7687922658868038920
26.09.21,인스타,언더,미글로우,https://www.instagram.com/p/Ddi7yKqj5Ff/
26.09.21,페이스북,언더,미글로우,https://facebook.com/122106804795473825/posts/122109670713473825
26.09.21,스레드,언더,미글로우,https://www.threads.com/@glow_yuu/post/Ddi9XIDjkvT
26.09.21,유튜브,언더,미글로우,https://www.youtube.com/shorts/lDpJD-SG75c
26.09.21,틱톡,언더,미글로우,https://www.tiktok.com/@user395954576131/video/7687935275225566484
26.09.21,스레드,언더,미글로우,https://www.threads.com/@glow_yuu/post/DdjG-N0Edbz
26.09.21,유튜브,언더,미글로우,https://www.youtube.com/shorts/i3U5Z1u-MrY
26.09.21,틱톡,언더,미글로우,https://www.tiktok.com/@user395954576131/video/7687956939497671956
26.09.21,스레드,언더,미글로우,https://www.threads.com/@glow_yuu/post/DdjRnp3kVzU
26.09.21,유튜브,언더,미글로우,https://www.youtube.com/shorts/R9VHIce1CDs
26.09.21,틱톡,언더,미글로우,https://www.tiktok.com/@user395954576131/video/7687980910393691393
26.09.22,스레드,언더,미글로우,https://www.threads.com/@hanna.nahanna/post/DdkS6gFkeP2
26.09.22,유튜브,언더,미글로우,https://www.youtube.com/shorts/vsaWQak1YZM
26.09.22,틱톡,언더,미글로우,https://www.tiktok.com/@hannananhanna/video/7688127719359450369
26.09.22,인스타,언더,미글로우,https://www.instagram.com/reel/DdkVi3uiO8J/
26.09.22,페이스북,언더,미글로우,https://facebook.com/reel/970135918674305
26.09.22,스레드,언더,미글로우,https://www.threads.com/@hanna.nahanna/post/DdkXcESjcSX
26.09.22,유튜브,언더,미글로우,https://www.youtube.com/shorts/ZmCMMIxwwNg
26.09.22,틱톡,언더,미글로우,https://www.tiktok.com/@hannananhanna/video/7688138111766760725
26.09.22,스레드,언더,미글로우,https://www.threads.com/@hanna.nahanna/post/Ddkk7NSARtS
26.09.22,유튜브,언더,미글로우,https://www.youtube.com/shorts/fzHA8rr6-fM
26.09.22,틱톡,언더,미글로우,https://www.tiktok.com/@hannananhanna/video/7688168479526014229
26.09.22,인스타,언더,미글로우,https://www.instagram.com/p/DdkoZAZjjBP/
26.09.22,페이스북,언더,미글로우,https://facebook.com/122106804795473825/posts/122110076715473825
26.09.22,링크드인,언더,미글로우,https://linkedin.com/feed/update/urn:li:ugcPost:7507998531350196224
26.09.22,스레드,언더,미글로우,https://www.threads.com/@glow_yuu/post/DdkusrzErxA
26.09.22,유튜브,언더,미글로우,https://www.youtube.com/shorts/XjLs3_oguGw
26.09.22,틱톡,언더,미글로우,https://www.tiktok.com/@user395954576131/video/7688190471033687304
26.09.22,스레드,언더,미글로우,https://www.threads.com/@hanna.nahanna/post/DdkuwKvCjsa
26.09.22,네이버 블로그,공식,미글로우,https://blog.naver.com/hironic-official/224419729792
26.09.22,네이버 블로그,언더,시너젯,https://blog.naver.com/kbeautyfy/224419735637
26.09.22,스레드,언더,미글로우,https://www.threads.com/@hanna.nahanna/post/Ddk5op_mNls
26.09.22,유튜브,언더,미글로우,https://www.youtube.com/shorts/7kkdoWrXffc
26.09.22,틱톡,언더,미글로우,https://www.tiktok.com/@hannananhanna/video/7688215105409961217
26.09.22,링크드인,언더,미글로우,https://linkedin.com/feed/update/urn:li:ugcPost:7508023454592430080
26.09.22,스레드,언더,미글로우,https://www.threads.com/@glow_yuu/post/Ddk6CL1gTjR
26.09.22,유튜브,언더,미글로우,https://www.youtube.com/shorts/GNtr-MMTOGw
26.09.22,틱톡,언더,미글로우,https://www.tiktok.com/@user395954576131/video/7688216042518170887
26.09.22,네이버 블로그,공식,미글로우,https://blog.naver.com/hironic-official/224419730724
26.09.22,링크드인,언더,미글로우,https://linkedin.com/feed/update/urn:li:ugcPost:7508030736159997952
26.09.22,스레드,언더,미글로우,https://www.threads.com/@glow_yuu/post/Ddk9WRvD3VX
26.09.22,유튜브,언더,미글로우,https://www.youtube.com/shorts/NYeKNCaLuzE
26.09.22,틱톡,언더,미글로우,https://www.tiktok.com/@user395954576131/video/7688223512816798996
26.09.22,스레드,언더,미글로우,https://www.threads.com/@hanna.nahanna/post/DdlAZB4lb9d
26.09.22,유튜브,언더,미글로우,https://www.youtube.com/shorts/L23RgqLTw7A
26.09.22,틱톡,언더,미글로우,https://www.tiktok.com/@hannananhanna/video/7688230303189437716
26.09.22,네이버 블로그,공식,시너젯,https://blog.naver.com/hironic-official/224419732319
26.09.22,인스타,언더,미글로우,https://www.instagram.com/reel/DdlD-ARETBo/
26.09.22,페이스북,언더,미글로우,https://facebook.com/reel/1114247114576539
26.09.22,네이버 블로그,언더,미글로우,https://blog.naver.com/kbeautyfy/224419738123
26.09.22,네이버 블로그,언더,시너젯,https://blog.naver.com/kbeautyfy/224419736836
26.09.22,스레드,언더,미글로우,https://www.threads.com/@hanna.nahanna/post/DdlOeTjkxWr
26.09.22,유튜브,언더,미글로우,https://www.youtube.com/shorts/tfWVhdORidE
26.09.22,틱톡,언더,미글로우,https://www.tiktok.com/@hannananhanna/video/7688261901632998672
26.09.22,스레드,언더,미글로우,https://www.threads.com/@glow_yuu/post/DdlOr7GDX9j
26.09.22,네이버 블로그,공식,시너젯,https://blog.naver.com/hironic-official/224419733197
26.09.22,네이버 블로그,언더,미글로우,https://blog.naver.com/kbeautyfy/224419739149
26.09.22,스레드,언더,미글로우,https://www.threads.com/@hanna.nahanna/post/DdlWWtzioMR
26.09.22,스레드,언더,미글로우,https://www.threads.com/@glow_yuu/post/DdlaJLcjJGP
26.09.22,유튜브,언더,미글로우,https://www.youtube.com/shorts/MFmF6_hd0ds
26.09.22,틱톡,언더,미글로우,https://www.tiktok.com/@user395954576131/video/7688288343762668818
26.09.22,인스타,언더,미글로우,https://www.instagram.com/p/DdlgF_el1Zw/
26.09.22,페이스북,언더,미글로우,https://facebook.com/122106804795473825/posts/122110279407473825
26.09.22,스레드,언더,미글로우,https://www.threads.com/@hanna.nahanna/post/DdllXiFDSkc
26.09.22,유튜브,언더,미글로우,https://www.youtube.com/shorts/CScQl447ZNE
26.09.22,틱톡,언더,미글로우,https://www.tiktok.com/@hannananhanna/video/7688313610707291400
26.09.22,스레드,언더,미글로우,https://www.threads.com/@glow_yuu/post/DdlorQlDaGO
26.09.22,유튜브,언더,미글로우,https://www.youtube.com/shorts/_7-L9_H1IF4
26.09.22,틱톡,언더,미글로우,https://www.tiktok.com/@user395954576131/video/7688321088928894216
26.09.22,스레드,언더,미글로우,https://www.threads.com/@hanna.nahanna/post/DdlqvuLCSnH
26.09.22,유튜브,언더,미글로우,https://www.youtube.com/shorts/cGNdFRDsgWY
26.09.22,틱톡,언더,미글로우,https://www.tiktok.com/@hannananhanna/video/7688325705901542674
26.09.22,스레드,언더,미글로우,https://www.threads.com/@glow_yuu/post/Ddlt8P6gPYv
26.09.22,유튜브,언더,미글로우,https://www.youtube.com/shorts/8KgB08Gf2u4
26.09.22,틱톡,언더,미글로우,https://www.tiktok.com/@user395954576131/video/7688332817406725377
26.09.22,스레드,언더,미글로우,https://www.threads.com/@glow_yuu/post/Ddl2ZvyjfHu
26.09.23,링크드인,언더,미글로우,https://linkedin.com/feed/update/urn:li:ugcPost:7508206184810655744
26.09.23,스레드,언더,미글로우,https://www.threads.com/@glow_yuu/post/DdmNIRkk5UJ
26.09.23,유튜브,언더,미글로우,https://www.youtube.com/shorts/eK9sFftuwIY
26.09.23,틱톡,언더,미글로우,https://www.tiktok.com/@user395954576131/video/7688403150214319380
26.09.23,링크드인,언더,미글로우,https://linkedin.com/feed/update/urn:li:ugcPost:7508217251628679168
26.09.23,스레드,언더,미글로우,https://www.threads.com/@glow_yuu/post/DdmSKIngDrR
26.09.23,유튜브,언더,미글로우,https://www.youtube.com/shorts/HFKGKUGZijI
26.09.23,틱톡,언더,미글로우,https://www.tiktok.com/@user395954576131/video/7688414452911213832
26.09.23,스레드,언더,미글로우,https://www.threads.com/@hanna.nahanna/post/Ddm05G3AE-U
26.09.23,유튜브,언더,미글로우,https://www.youtube.com/shorts/vg2Kz6zjVPg
26.09.23,틱톡,언더,미글로우,https://www.tiktok.com/@hannananhanna/video/7688492670808853768
26.09.23,스레드,언더,미글로우,https://www.threads.com/@hanna.nahanna/post/Ddm1PBogYCH
26.09.23,유튜브,언더,미글로우,https://www.youtube.com/shorts/kNE1eMhTAIk
26.09.23,틱톡,언더,미글로우,https://www.tiktok.com/@hannananhanna/video/7688493423103446292
26.09.23,인스타,언더,미글로우,https://www.instagram.com/reel/Ddm3UySIHNp/
26.09.23,페이스북,언더,미글로우,https://facebook.com/reel/1628272712265808
26.09.23,스레드,언더,미글로우,https://www.threads.com/@hanna.nahanna/post/Ddm5Wr8jl6E
26.09.23,유튜브,언더,미글로우,https://www.youtube.com/shorts/IoqC-Tg6ziM
26.09.23,틱톡,언더,미글로우,https://www.tiktok.com/@hannananhanna/video/7688502718536731924
26.09.23,스레드,언더,미글로우,https://www.threads.com/@hanna.nahanna/post/Ddm5eBrEjAQ
26.09.23,유튜브,언더,미글로우,https://www.youtube.com/shorts/2X7pnMWdbVU
26.09.23,틱톡,언더,미글로우,https://www.tiktok.com/@hannananhanna/video/7688502939555499272
26.09.23,인스타,언더,미글로우,https://www.instagram.com/reel/Ddm6TShEXGS/
26.09.23,페이스북,언더,미글로우,https://facebook.com/reel/1334857018530179
26.09.23,스레드,언더,미글로우,https://www.threads.com/@hanna.nahanna/post/Ddm8kIZDTao
26.09.23,유튜브,언더,미글로우,https://www.youtube.com/shorts/ShdIWMxyO_E
26.09.23,틱톡,언더,미글로우,https://www.tiktok.com/@hannananhanna/video/7688509949676145941
26.09.23,스레드,언더,미글로우,https://www.threads.com/@hanna.nahanna/post/DdnCoP5ghqW
26.09.23,유튜브,언더,미글로우,https://www.youtube.com/shorts/FoeRtQaDwqs
26.09.23,틱톡,언더,미글로우,https://www.tiktok.com/@hannananhanna/video/7688523577540218130
26.09.23,인스타,언더,미글로우,https://www.instagram.com/p/DdnMk0qjxbn/
26.09.23,페이스북,언더,미글로우,https://facebook.com/122106804795473825/posts/122110666425473825
26.09.23,스레드,언더,미글로우,https://www.threads.com/@hanna.nahanna/post/DdnRRtuFET1
26.09.23,유튜브,언더,미글로우,https://www.youtube.com/shorts/j8cOsysiIzU
26.09.23,틱톡,언더,미글로우,https://www.tiktok.com/@hannananhanna/video/7688556562914299156
26.09.23,링크드인,언더,미글로우,https://linkedin.com/feed/update/urn:li:ugcPost:7508359400181370880
26.09.23,스레드,언더,미글로우,https://www.threads.com/@glow_yuu/post/DdnSzVJDRYC
26.09.23,유튜브,언더,미글로우,https://www.youtube.com/shorts/6U2-lasgACM
26.09.23,틱톡,언더,미글로우,https://www.tiktok.com/@user395954576131/video/7688560034971700498
26.09.23,스레드,언더,미글로우,https://www.threads.com/@glow_yuu/post/DdnVSNwAO1j
26.09.23,유튜브,언더,미글로우,https://www.youtube.com/shorts/mA7ffIWL8PM
26.09.23,틱톡,언더,미글로우,https://www.tiktok.com/@user395954576131/video/7688565605733043477
26.09.23,네이버 블로그,언더,미글로우,https://blog.naver.com/kbeautyfy/224420817360
26.09.23,네이버 블로그,공식,시너젯,https://blog.naver.com/hironic-official/224420822264
26.09.23,스레드,언더,미글로우,https://www.threads.com/@glow_yuu/post/DdnaFBylews
26.09.23,유튜브,언더,미글로우,https://www.youtube.com/shorts/Ufl_sOOBPkw
26.09.23,틱톡,언더,미글로우,https://www.tiktok.com/@user395954576131/video/7688576421081582868
26.09.23,링크드인,언더,미글로우,https://linkedin.com/feed/update/urn:li:ugcPost:7508376016281751552
26.09.23,스레드,언더,미글로우,https://www.threads.com/@glow_yuu/post/DdnaW0jEc91
26.09.23,유튜브,언더,미글로우,https://www.youtube.com/shorts/aaC-_DsUO6k
26.09.23,틱톡,언더,미글로우,https://www.tiktok.com/@user395954576131/video/7688577059261582610
26.09.23,링크드인,언더,미글로우,https://linkedin.com/feed/update/urn:li:ugcPost:7508382050526134272
26.09.23,스레드,언더,미글로우,https://www.threads.com/@glow_yuu/post/DdndGzhisWP
26.09.23,유튜브,언더,미글로우,https://www.youtube.com/shorts/V_AyoaINFts
26.09.23,틱톡,언더,미글로우,https://www.tiktok.com/@user395954576131/video/7688583176805027073
26.09.23,네이버 블로그,언더,미글로우,https://blog.naver.com/kbeautyfy/224420818289
26.09.23,네이버 블로그,언더,미글로우,https://blog.naver.com/kbeautyfy/224420888157
26.09.23,네이버 블로그,언더,미글로우,https://blog.naver.com/kbeautyfy/224420893566
26.09.23,스레드,언더,미글로우,https://www.threads.com/@hanna.nahanna/post/DdniGEBjB8u
26.09.23,유튜브,언더,미글로우,https://www.youtube.com/shorts/M7mfU9faZmI
26.09.23,틱톡,언더,미글로우,https://www.tiktok.com/@hannananhanna/video/7688594459033914645
26.09.23,스레드,언더,미글로우,https://www.threads.com/@glow_yuu/post/DdniqY-gBx4
26.09.23,유튜브,언더,미글로우,https://www.youtube.com/shorts/uYIVQ4Yfibo
26.09.23,틱톡,언더,미글로우,https://www.tiktok.com/@user395954576131/video/7688595745812925714
26.09.23,네이버 블로그,공식,시너젯,https://blog.naver.com/hironic-official/224420823343
26.09.23,네이버 블로그,공식,미글로우,https://blog.naver.com/hironic-official/224420824598
26.09.23,스레드,언더,미글로우,https://www.threads.com/@glow_yuu/post/DdnppQ9AQdE
26.09.23,유튜브,언더,미글로우,https://www.youtube.com/shorts/aB0ES0Xlps0
26.09.23,틱톡,언더,미글로우,https://www.tiktok.com/@user395954576131/video/7688611465984691463
26.09.23,네이버 블로그,언더,시너젯,https://blog.naver.com/kbeautyfy/224420819626
26.09.23,스레드,언더,미글로우,https://www.threads.com/@hanna.nahanna/post/DdnxNL0E6G-
26.09.23,유튜브,언더,미글로우,https://www.youtube.com/shorts/JBe7e_1mRis
26.09.23,틱톡,언더,미글로우,https://www.tiktok.com/@hannananhanna/video/7688628489443970325
26.09.23,네이버 블로그,언더,시너젯,https://blog.naver.com/kbeautyfy/224420820525
26.09.23,네이버 블로그,공식,미글로우,https://blog.naver.com/hironic-official/224420825547
26.09.23,스레드,언더,미글로우,https://www.threads.com/@hanna.nahanna/post/Ddn5V6xjOGs
26.09.23,유튜브,언더,미글로우,https://www.youtube.com/shorts/Yo2duqHaSkI
26.09.23,틱톡,언더,미글로우,https://www.tiktok.com/@hannananhanna/video/7688646817277431061
26.09.23,스레드,언더,미글로우,https://www.threads.com/@glow_yuu/post/Ddn67wmk0vw
26.09.23,유튜브,언더,미글로우,https://www.youtube.com/shorts/sTBHKP9_2ys
26.09.23,틱톡,언더,미글로우,https://www.tiktok.com/@user395954576131/video/7688650398969777416
26.09.23,네이버 블로그,언더,미글로우,https://blog.naver.com/kbeautyfy/224420882550
26.09.23,스레드,언더,미글로우,https://www.threads.com/@hanna.nahanna/post/Ddn-YGWEcuC
26.09.23,유튜브,언더,미글로우,https://www.youtube.com/shorts/baUiyVNqOCg
26.09.23,틱톡,언더,미글로우,https://www.tiktok.com/@hannananhanna/video/7688658150194498837
26.09.23,인스타,언더,미글로우,https://www.instagram.com/p/DdoBmg3lBpa/
26.09.23,페이스북,언더,미글로우,https://facebook.com/122106804795473825/posts/122110855659473825
26.09.23,스레드,언더,미글로우,https://www.threads.com/@hanna.nahanna/post/DdoK1t3CZKD
26.09.23,유튜브,언더,미글로우,https://www.youtube.com/shorts/oFVqFCBx8X0
26.09.23,틱톡,언더,미글로우,https://www.tiktok.com/@hannananhanna/video/7688686232611638536
26.09.23,스레드,언더,미글로우,https://www.threads.com/@glow_yuu/post/DdoRl8Uj9zx
26.09.23,유튜브,언더,미글로우,https://www.youtube.com/shorts/XNlXIJX1x-4
26.09.23,틱톡,언더,미글로우,https://www.tiktok.com/@user395954576131/video/7688701432484154644
26.09.23,스레드,언더,미글로우,https://www.threads.com/@glow_yuu/post/DdoWoCbD7nN
26.09.23,유튜브,언더,미글로우,https://www.youtube.com/shorts/XOnp1P4ct9A
26.09.23,틱톡,언더,미글로우,https://www.tiktok.com/@user395954576131/video/7688712767917788436
26.09.23,스레드,언더,미글로우,https://www.threads.com/@glow_yuu/post/Ddoih9tFFCP
26.09.23,유튜브,언더,미글로우,https://www.youtube.com/shorts/tIcZrO-hc54
26.09.23,틱톡,언더,미글로우,https://www.tiktok.com/@user395954576131/video/7688739596431150356
26.09.23,스레드,언더,미글로우,https://www.threads.com/@glow_yuu/post/Ddok7z-Gpg1
26.09.23,유튜브,언더,미글로우,https://www.youtube.com/shorts/4vCkcnLgj9c
26.09.23,틱톡,언더,미글로우,https://www.tiktok.com/@user395954576131/video/7688744956311391494
26.09.24,인스타,언더,미글로우,https://www.instagram.com/p/DdpZzBnERjx/
26.09.24,페이스북,언더,미글로우,https://facebook.com/122106804795473825/posts/122111188029473825
26.09.24,스레드,언더,미글로우,https://www.threads.com/@hanna.nahanna/post/DdpcAE5E1lH
26.09.24,유튜브,언더,미글로우,https://www.youtube.com/shorts/WclxlVJKFm0
26.09.24,틱톡,언더,미글로우,https://www.tiktok.com/@hannananhanna/video/7688868909545540884
26.09.24,스레드,언더,미글로우,https://www.threads.com/@hanna.nahanna/post/DdpcyRwAW7t
26.09.24,유튜브,언더,미글로우,https://www.youtube.com/shorts/NXF0SYDU3LU
26.09.24,틱톡,언더,미글로우,https://www.tiktok.com/@hannananhanna/video/7688870726752980244
26.09.24,인스타,언더,미글로우,https://www.instagram.com/reel/DdpdFeCjKCg/
26.09.24,페이스북,언더,미글로우,https://facebook.com/reel/1621793472833210
26.09.24,인스타,언더,미글로우,https://www.instagram.com/reel/DdpdZZKjxu-/
26.09.24,페이스북,언더,미글로우,https://facebook.com/reel/1376872861275363
26.09.24,스레드,언더,미글로우,https://www.threads.com/@hanna.nahanna/post/DdpeQzGikAw
26.09.24,유튜브,언더,미글로우,https://www.youtube.com/shorts/cfaqtGikhAg
26.09.24,틱톡,언더,미글로우,https://www.tiktok.com/@hannananhanna/video/7688874074004671751
26.09.24,스레드,언더,미글로우,https://www.threads.com/@hanna.nahanna/post/Ddpef9bAucf
26.09.24,유튜브,언더,미글로우,https://www.youtube.com/shorts/oZ9S2wuk7A8
26.09.24,틱톡,언더,미글로우,https://www.tiktok.com/@hannananhanna/video/7688874613438172436
26.09.24,스레드,언더,미글로우,https://www.threads.com/@hanna.nahanna/post/Ddphsj3ldJf
26.09.24,유튜브,언더,미글로우,https://www.youtube.com/shorts/NoSiUCBt_no
26.09.24,틱톡,언더,미글로우,https://www.tiktok.com/@hannananhanna/video/7688881770430827797
26.09.24,네이버 블로그,언더,미글로우,https://blog.naver.com/kbeautyfy/224418461143
26.09.24,네이버 블로그,언더,시너젯,https://blog.naver.com/kbeautyfy/224418469097
26.09.24,스레드,언더,미글로우,https://www.threads.com/@hanna.nahanna/post/Ddpo6DFHVx6
26.09.24,유튜브,언더,미글로우,https://www.youtube.com/shorts/PwMtK9Eicrc
26.09.24,틱톡,언더,미글로우,https://www.tiktok.com/@hannananhanna/video/7688898024499645716
26.09.24,네이버 블로그,공식,시너젯,https://blog.naver.com/hironic-official/224418477237
26.09.24,네이버 블로그,언더,미글로우,https://blog.naver.com/kbeautyfy/224418462538
26.09.24,네이버 블로그,공식,시너젯,https://blog.naver.com/hironic-official/224418478458
26.09.24,인스타,언더,미글로우,https://www.instagram.com/p/Ddpy-3pgPJr/
26.09.24,페이스북,언더,미글로우,https://facebook.com/122106804795473825/posts/122111264349473825
26.09.24,네이버 블로그,언더,시너젯,https://blog.naver.com/kbeautyfy/224418470229
26.09.24,링크드인,언더,미글로우,https://linkedin.com/feed/update/urn:li:ugcPost:7508726820536696832
26.09.24,스레드,언더,미글로우,https://www.threads.com/@glow_yuu/post/Ddp54qLE_Fd
26.09.24,유튜브,언더,미글로우,https://www.youtube.com/shorts/zN6zWVCmNfQ
26.09.24,틱톡,언더,미글로우,https://www.tiktok.com/@user395954576131/video/7688936238530710836
26.09.24,링크드인,언더,미글로우,https://linkedin.com/feed/update/urn:li:ugcPost:7508727579563151360
26.09.24,스레드,언더,미글로우,https://www.threads.com/@glow_yuu/post/Ddp6Ob8DMpS
26.09.24,유튜브,언더,미글로우,https://www.youtube.com/shorts/a3p6ivPIVtY
26.09.24,틱톡,언더,미글로우,https://www.tiktok.com/@user395954576131/video/7688937003223764231
26.09.24,스레드,언더,미글로우,https://www.threads.com/@glow_yuu/post/Ddp-_wKk0Nr
26.09.24,유튜브,언더,미글로우,https://www.youtube.com/shorts/ayvmS1_X0eA
26.09.24,틱톡,언더,미글로우,https://www.tiktok.com/@user395954576131/video/7688947755372399924
26.09.24,스레드,언더,미글로우,https://www.threads.com/@hanna.nahanna/post/Ddp_r8mClvq
26.09.24,유튜브,언더,미글로우,https://www.youtube.com/shorts/oHNV7GP9vSI
26.09.24,틱톡,언더,미글로우,https://www.tiktok.com/@hannananhanna/video/7688949314030226706
26.09.24,스레드,언더,미글로우,https://www.threads.com/@hanna.nahanna/post/DdqAXfFFEFY
26.09.24,유튜브,언더,미글로우,https://www.youtube.com/shorts/ncgwHy5x8PI
26.09.24,틱톡,언더,미글로우,https://www.tiktok.com/@hannananhanna/video/7688950833320430856
26.09.24,네이버 블로그,공식,미글로우,https://blog.naver.com/hironic-official/224418484946
26.09.24,스레드,언더,미글로우,https://www.threads.com/@glow_yuu/post/DdqEXvSEzRv
26.09.24,유튜브,언더,미글로우,https://www.youtube.com/shorts/XCcmJoQaLNc
26.09.24,틱톡,언더,미글로우,https://www.tiktok.com/@user395954576131/video/7688959862478359815
26.09.24,링크드인,언더,미글로우,https://linkedin.com/feed/update/urn:li:ugcPost:7508753242999304192
26.09.24,스레드,언더,미글로우,https://www.threads.com/@glow_yuu/post/DdqF5rqimTP
26.09.24,유튜브,언더,미글로우,https://www.youtube.com/shorts/BapIuTMGLuE
26.09.24,틱톡,언더,미글로우,https://www.tiktok.com/@user395954576131/video/7688963344870411541
26.09.24,스레드,언더,미글로우,https://www.threads.com/@glow_yuu/post/DdqHdikiS2Q
26.09.24,유튜브,언더,미글로우,https://www.youtube.com/shorts/MhBUX1Ofmzw
26.09.24,틱톡,언더,미글로우,https://www.tiktok.com/@user395954576131/video/7688966817909443847
26.09.24,스레드,언더,미글로우,https://www.threads.com/@hanna.nahanna/post/DdqJwAwjkaB
26.09.24,유튜브,언더,미글로우,https://www.youtube.com/shorts/U8LBzPtamDo
26.09.24,틱톡,언더,미글로우,https://www.tiktok.com/@hannananhanna/video/7688971972339895573
26.09.24,스레드,언더,미글로우,https://www.threads.com/@hanna.nahanna/post/DdqLWRYDQxB
26.09.24,유튜브,언더,미글로우,https://www.youtube.com/shorts/vNhLoy0XcYo
26.09.24,틱톡,언더,미글로우,https://www.tiktok.com/@hannananhanna/video/7688975560525090068
26.09.24,네이버 블로그,공식,미글로우,https://blog.naver.com/hironic-official/224418486334
26.09.24,스레드,언더,미글로우,https://www.threads.com/@glow_yuu/post/DdqVw4uDW06
26.09.24,유튜브,언더,미글로우,https://www.youtube.com/shorts/fuaZ_JZHM7o
26.09.24,틱톡,언더,미글로우,https://www.tiktok.com/@user395954576131/video/7688999050326150408
26.09.24,스레드,언더,미글로우,https://www.threads.com/@hanna.nahanna/post/DdqfKMVEnwQ
26.09.24,유튜브,언더,미글로우,https://www.youtube.com/shorts/hfPged1CbC0
26.09.24,틱톡,언더,미글로우,https://www.tiktok.com/@hannananhanna/video/7689020216457661717
26.09.24,스레드,언더,미글로우,https://www.threads.com/@hanna.nahanna/post/Ddqf2AggFux
26.09.24,유튜브,언더,미글로우,https://www.youtube.com/shorts/APO4aSVuEXU
26.09.24,틱톡,언더,미글로우,https://www.tiktok.com/@hannananhanna/video/7689021742282706196
26.09.24,스레드,언더,미글로우,https://www.threads.com/@glow_yuu/post/DdqgTLPibVJ
26.09.24,유튜브,언더,미글로우,https://www.youtube.com/shorts/k44I19UtjRI
26.09.24,틱톡,언더,미글로우,https://www.tiktok.com/@user395954576131/video/7689022780687502600
26.09.24,스레드,언더,미글로우,https://www.threads.com/@glow_yuu/post/Ddqh-BiDdl7
26.09.24,유튜브,언더,미글로우,https://www.youtube.com/shorts/XkuhanIE0S0
26.09.24,틱톡,언더,미글로우,https://www.tiktok.com/@user395954576131/video/7689026265659067655
26.09.24,스레드,언더,미글로우,https://www.threads.com/@glow_yuu/post/DdqitAJkcs5
26.09.24,유튜브,언더,미글로우,https://www.youtube.com/shorts/_EFTLyMzi6E
26.09.24,틱톡,언더,미글로우,https://www.tiktok.com/@user395954576131/video/7689028190911696135
26.09.24,스레드,언더,미글로우,https://www.threads.com/@glow_yuu/post/Ddq84x6DeQX
26.09.24,유튜브,언더,미글로우,https://www.youtube.com/shorts/Jo5JEpAHBWA
26.09.24,틱톡,언더,미글로우,https://www.tiktok.com/@user395954576131/video/7689087137999801601
26.09.24,스레드,언더,미글로우,https://www.threads.com/@glow_yuu/post/DdrB8f7jYPo
26.09.24,유튜브,언더,미글로우,https://www.youtube.com/shorts/Pg5yPp0BlMA
26.09.24,틱톡,언더,미글로우,https://www.tiktok.com/@user395954576131/video/7689098531570797844
26.09.25,인스타,언더,미글로우,https://www.instagram.com/p/Ddr-SOmErCr/
26.09.25,페이스북,언더,미글로우,https://facebook.com/122106804795473825/posts/122111742711473825
26.09.25,스레드,언더,미글로우,https://www.threads.com/@hanna.nahanna/post/Ddr-tlGib1N
26.09.25,유튜브,언더,미글로우,https://www.youtube.com/shorts/zSac5SZdfhk
26.09.25,틱톡,언더,미글로우,https://www.tiktok.com/@hannananhanna/video/7689235392079449364
26.09.25,인스타,언더,미글로우,https://www.instagram.com/reel/Ddr_V9QDr0u/
26.09.25,페이스북,언더,미글로우,https://facebook.com/reel/945558111468370
26.09.25,인스타,언더,미글로우,https://www.instagram.com/reel/Ddr_5lYACdS/
26.09.25,페이스북,언더,미글로우,https://facebook.com/reel/1484103896882134
26.09.25,스레드,언더,미글로우,https://www.threads.com/@hanna.nahanna/post/DdsCB8cirvT
26.09.25,유튜브,언더,미글로우,https://www.youtube.com/shorts/_GzJokgR9zk
26.09.25,틱톡,언더,미글로우,https://www.tiktok.com/@hannananhanna/video/7689242837346503957
26.09.25,스레드,언더,미글로우,https://www.threads.com/@hanna.nahanna/post/DdsC8X3jIB2
26.09.25,유튜브,언더,미글로우,https://www.youtube.com/shorts/X7s3hbx8nCI
26.09.25,틱톡,언더,미글로우,https://www.tiktok.com/@hannananhanna/video/7689244884867353877
26.09.25,스레드,언더,미글로우,https://www.threads.com/@hanna.nahanna/post/DdsDh2DjSvq
26.09.25,유튜브,언더,미글로우,https://www.youtube.com/shorts/JCeRDwomiNE
26.09.25,틱톡,언더,미글로우,https://www.tiktok.com/@hannananhanna/video/7689246190931578119
26.09.25,네이버 블로그,언더,미글로우,https://blog.naver.com/kbeautyfy/224418464512
26.09.25,네이버 블로그,공식,시너젯,https://blog.naver.com/hironic-official/224418480680
26.09.25,네이버 블로그,언더,시너젯,https://blog.naver.com/kbeautyfy/224418472485
26.09.25,인스타,언더,미글로우,https://www.instagram.com/p/DdsVP_bDauG/
26.09.25,페이스북,언더,미글로우,https://facebook.com/122106804795473825/posts/122111806311473825
26.09.25,스레드,언더,미글로우,https://www.threads.com/@hanna.nahanna/post/DdsWvigj5CG
26.09.25,유튜브,언더,미글로우,https://www.youtube.com/shorts/tGkr5LiIVgI
26.09.25,틱톡,언더,미글로우,https://www.tiktok.com/@hannananhanna/video/7689289458843258133
26.09.25,링크드인,언더,미글로우,https://linkedin.com/feed/update/urn:li:ugcPost:7509074131020296193
26.09.25,스레드,언더,미글로우,https://www.threads.com/@glow_yuu/post/DdsX0VtDRVT
26.09.25,틱톡,언더,미글로우,https://www.tiktok.com/@user395954576131/video/7689291905494011157
26.09.25,링크드인,언더,미글로우,https://linkedin.com/feed/update/urn:li:ugcPost:7509075874013577216
26.09.25,스레드,언더,미글로우,https://www.threads.com/@glow_yuu/post/DdsYnA_D0As
26.09.25,틱톡,언더,미글로우,https://www.tiktok.com/@user395954576131/video/7689293700505029896
26.09.25,링크드인,언더,미글로우,https://linkedin.com/feed/update/urn:li:ugcPost:7509076627604217856
26.09.25,스레드,언더,미글로우,https://www.threads.com/@glow_yuu/post/DdsY9GhiCBI
26.09.25,틱톡,언더,미글로우,https://www.tiktok.com/@user395954576131/video/7689294459447643399
26.09.25,네이버 블로그,공식,시너젯,https://blog.naver.com/hironic-official/224418482856
26.09.25,스레드,언더,미글로우,https://www.threads.com/@hanna.nahanna/post/DdshRL9FQt2
26.09.25,유튜브,언더,미글로우,https://www.youtube.com/shorts/CTgwpEohrOY
26.09.25,틱톡,언더,미글로우,https://www.tiktok.com/@hannananhanna/video/7689313210582863124
26.09.25,스레드,언더,미글로우,https://www.threads.com/@glow_yuu/post/DdsiEf0lU98
26.09.25,유튜브,언더,미글로우,https://www.youtube.com/shorts/8hAIwx4gcSY
26.09.25,틱톡,언더,미글로우,https://www.tiktok.com/@user395954576131/video/7689314974149250322
26.09.25,네이버 블로그,언더,미글로우,https://blog.naver.com/kbeautyfy/224418465766
26.09.25,네이버 블로그,언더,시너젯,https://blog.naver.com/kbeautyfy/224418473831
26.09.25,스레드,언더,미글로우,https://www.threads.com/@hanna.nahanna/post/Ddsk0dgDATN
26.09.25,유튜브,언더,미글로우,https://www.youtube.com/shorts/9V-CR4txi1I
26.09.25,틱톡,언더,미글로우,https://www.tiktok.com/@hannananhanna/video/7689321185502366983
26.09.25,네이버 블로그,공식,미글로우,https://blog.naver.com/hironic-official/224418488830
26.09.25,스레드,언더,미글로우,https://www.threads.com/@hanna.nahanna/post/Ddsvk2UCTjJ
26.09.25,유튜브,언더,미글로우,https://www.youtube.com/shorts/sP2Rz2vpya8
26.09.25,틱톡,언더,미글로우,https://www.tiktok.com/@hannananhanna/video/7689345424339045653
26.09.25,스레드,언더,미글로우,https://www.threads.com/@hanna.nahanna/post/Ddswe9vAQFB
26.09.25,틱톡,언더,미글로우,https://www.tiktok.com/@hannananhanna/video/7689347287922855220
26.09.25,스레드,언더,미글로우,https://www.threads.com/@hanna.nahanna/post/Dds4JQQkd0A
26.09.25,틱톡,언더,미글로우,https://www.tiktok.com/@hannananhanna/video/7689364701867691284
26.09.25,네이버 블로그,공식,미글로우,https://blog.naver.com/hironic-official/224418490143
26.09.25,스레드,언더,미글로우,https://www.threads.com/@glow_yuu/post/Dds7BOJjtkZ
26.09.25,유튜브,언더,미글로우,https://www.youtube.com/shorts/wN8vpEzLn6Y
26.09.25,틱톡,언더,미글로우,https://www.tiktok.com/@user395954576131/video/7689371167467097351
26.09.25,스레드,언더,미글로우,https://www.threads.com/@glow_yuu/post/Dds7tHCDlTF
26.09.25,유튜브,언더,미글로우,https://www.youtube.com/shorts/i4MBdyqSVFs
26.09.25,틱톡,언더,미글로우,https://www.tiktok.com/@user395954576131/video/7689372677626268929
26.09.25,스레드,언더,미글로우,https://www.threads.com/@glow_yuu/post/Dds89kcDjQU
26.09.25,유튜브,언더,미글로우,https://www.youtube.com/shorts/VfWm7jcKsE0
26.09.25,틱톡,언더,미글로우,https://www.tiktok.com/@user395954576131/video/7689375560841055506
26.09.25,스레드,언더,미글로우,https://www.threads.com/@glow_yuu/post/DdtJjrzoCzQ
26.09.25,유튜브,언더,미글로우,https://www.youtube.com/shorts/rvsKDpa1gMU
26.09.25,틱톡,언더,미글로우,https://www.tiktok.com/@user395954576131/video/7689403903439293717
26.09.25,스레드,언더,미글로우,https://www.threads.com/@hanna.nahanna/post/DdtO8FIiheb
26.09.25,유튜브,언더,미글로우,https://www.youtube.com/shorts/KqjIWdFERJY
26.09.25,틱톡,언더,미글로우,https://www.tiktok.com/@hannananhanna/video/7689416013816810759
26.09.25,스레드,언더,미글로우,https://www.threads.com/@hanna.nahanna/post/DdtPZaYDkVz
26.09.25,유튜브,언더,미글로우,https://www.youtube.com/shorts/33ubKKXXUdw
26.09.25,틱톡,언더,미글로우,https://www.tiktok.com/@hannananhanna/video/7689417055975656725
26.09.25,스레드,언더,미글로우,https://www.threads.com/@glow_yuu/post/DdtWYBEl1nC
26.09.25,유튜브,언더,미글로우,https://www.youtube.com/shorts/vfOSKKcB-b8
26.09.25,틱톡,언더,미글로우,https://www.tiktok.com/@user395954576131/video/7689432798037282100
26.09.25,스레드,언더,미글로우,https://www.threads.com/@glow_yuu/post/DdtfpXODwOY
26.09.25,유튜브,언더,미글로우,https://www.youtube.com/shorts/cisGu-tU3cE
26.09.25,틱톡,언더,미글로우,https://www.tiktok.com/@user395954576131/video/7689453509720263988
26.09.25,스레드,언더,미글로우,https://www.threads.com/@glow_yuu/post/DdtnFReAe53
26.09.25,유튜브,언더,미글로우,https://www.youtube.com/shorts/fk41XEaV9Y8
26.09.25,틱톡,언더,미글로우,https://www.tiktok.com/@user395954576131/video/7689470390753676564
26.09.26,링크드인,언더,미글로우,https://linkedin.com/feed/update/urn:li:ugcPost:7509278984430534657
26.09.26,스레드,언더,미글로우,https://www.threads.com/@glow_yuu/post/Ddt0-o5DV-2
26.09.26,유튜브,언더,미글로우,https://www.youtube.com/shorts/fm0UgWwW9Ak
26.09.26,틱톡,언더,미글로우,https://www.tiktok.com/@user395954576131/video/7689501698125090069
26.09.26,스레드,언더,미글로우,https://www.threads.com/@hanna.nahanna/post/DdujRyTiHB8
26.09.26,유튜브,언더,미글로우,https://www.youtube.com/shorts/SRaV4lrQhv8
26.09.26,틱톡,언더,미글로우,https://www.tiktok.com/@hannananhanna/video/7689605919222549780
26.09.26,스레드,언더,미글로우,https://www.threads.com/@hanna.nahanna/post/DdukMItD6rq
26.09.26,유튜브,언더,미글로우,https://www.youtube.com/shorts/IxA-8hGlf0w
26.09.26,틱톡,언더,미글로우,https://www.tiktok.com/@hannananhanna/video/7689607970799373576
26.09.26,인스타,언더,미글로우,https://www.instagram.com/reel/Ddum_MuiWMw/
26.09.26,페이스북,언더,미글로우,https://facebook.com/reel/1380312483817043
26.09.26,스레드,언더,미글로우,https://www.threads.com/@hanna.nahanna/post/DdunLF1kyTI
26.09.26,유튜브,언더,미글로우,https://www.youtube.com/shorts/v2AwJa_avGs
26.09.26,틱톡,언더,미글로우,https://www.tiktok.com/@hannananhanna/video/7689614670646267154
26.09.26,인스타,언더,미글로우,https://www.instagram.com/reel/DduoZ0wkUcF/
26.09.26,페이스북,언더,미글로우,https://facebook.com/reel/1428087879300032
26.09.26,스레드,언더,미글로우,https://www.threads.com/@hanna.nahanna/post/Ddux8AdDfTU
26.09.26,유튜브,언더,미글로우,https://www.youtube.com/shorts/_V98rqH-IJk
26.09.26,틱톡,언더,미글로우,https://www.tiktok.com/@hannananhanna/video/7689638937144380679
26.09.26,링크드인,언더,미글로우,https://linkedin.com/feed/update/urn:li:ugcPost:7509438014901878784
26.09.26,스레드,언더,미글로우,https://www.threads.com/@glow_yuu/post/Ddu9TO5j9U3
26.09.26,유튜브,언더,미글로우,https://www.youtube.com/shorts/Yh6aPzJ42SQ
26.09.26,틱톡,언더,미글로우,https://www.tiktok.com/@user395954576131/video/7689664505491639559
26.09.26,링크드인,언더,미글로우,https://linkedin.com/feed/update/urn:li:ugcPost:7509442542099140608
26.09.26,스레드,언더,미글로우,https://www.threads.com/@glow_yuu/post/Ddu_Wx8AaEV
26.09.26,유튜브,언더,미글로우,https://www.youtube.com/shorts/laSkeJp2kzg
26.09.26,틱톡,언더,미글로우,https://www.tiktok.com/@user395954576131/video/7689669175135997205
26.09.26,스레드,언더,미글로우,https://www.threads.com/@hanna.nahanna/post/DdvHrIOjFoQ
26.09.26,유튜브,언더,미글로우,https://www.youtube.com/shorts/s4r2JJfeX60
26.09.26,틱톡,언더,미글로우,https://www.tiktok.com/@hannananhanna/video/7689687914019573010
26.09.26,링크드인,언더,미글로우,https://linkedin.com/feed/update/urn:li:ugcPost:7509461411354271744
26.09.26,스레드,언더,미글로우,https://www.threads.com/@glow_yuu/post/DdvH7_yDsWO
26.09.26,유튜브,언더,미글로우,https://www.youtube.com/shorts/qGsUGegAoyI
26.09.26,틱톡,언더,미글로우,https://www.tiktok.com/@user395954576131/video/7689688459891461428
26.09.26,스레드,언더,미글로우,https://www.threads.com/@hanna.nahanna/post/DdvKo7cjLRv
26.09.26,유튜브,언더,미글로우,https://www.youtube.com/shorts/66CWTOx3yrI
26.09.26,틱톡,언더,미글로우,https://www.tiktok.com/@hannananhanna/video/7689694570992389396
26.09.26,스레드,언더,미글로우,https://www.threads.com/@glow_yuu/post/DdvTkg-D16T
26.09.26,유튜브,언더,미글로우,https://www.youtube.com/shorts/MW657_kYZ2Y
26.09.26,틱톡,언더,미글로우,https://www.tiktok.com/@user395954576131/video/7689714485753433350
26.09.26,스레드,언더,미글로우,https://www.threads.com/@hanna.nahanna/post/DdvWUSQD6ks
26.09.26,유튜브,언더,미글로우,https://www.youtube.com/shorts/3p93YWPZx6w
26.09.26,틱톡,언더,미글로우,https://www.tiktok.com/@hannananhanna/video/7689720867823160582
26.09.26,스레드,언더,미글로우,https://www.threads.com/@hanna.nahanna/post/DdvXH4nFDuM
26.09.26,유튜브,언더,미글로우,https://www.youtube.com/shorts/ZZK4XFkHJ1c
26.09.26,틱톡,언더,미글로우,https://www.tiktok.com/@hannananhanna/video/7689722673215130898
26.09.26,인스타,언더,미글로우,https://www.instagram.com/p/DdvXOeckkZr/
26.09.26,페이스북,언더,미글로우,https://facebook.com/122106804795473825/posts/122112486783473825
26.09.26,스레드,언더,미글로우,https://www.threads.com/@glow_yuu/post/DdvkZHyDbx6
26.09.26,유튜브,언더,미글로우,https://www.youtube.com/shorts/h4xny2JayC0
26.09.26,틱톡,언더,미글로우,https://www.tiktok.com/@user395954576131/video/7689752554841885973
26.09.26,스레드,언더,미글로우,https://www.threads.com/@hanna.nahanna/post/DdvntZGoAfG
26.09.26,유튜브,언더,미글로우,https://www.youtube.com/shorts/SmuhgfeU6ko
26.09.26,틱톡,언더,미글로우,https://www.tiktok.com/@hannananhanna/video/7689760031889263893
26.09.26,스레드,언더,미글로우,https://www.threads.com/@hanna.nahanna/post/Ddvrt4viYcY
26.09.26,유튜브,언더,미글로우,https://www.youtube.com/shorts/nR8ojfOdo8A
26.09.26,틱톡,언더,미글로우,https://www.tiktok.com/@hannananhanna/video/7689769076117277972
26.09.26,스레드,언더,미글로우,https://www.threads.com/@glow_yuu/post/DdvvflrlALa
26.09.26,유튜브,언더,미글로우,https://www.youtube.com/shorts/_J9x8AjV7eU
26.09.26,틱톡,언더,미글로우,https://www.tiktok.com/@user395954576131/video/7689777567955504385
26.09.26,인스타,언더,미글로우,https://www.instagram.com/p/DdvwECnGKTR/
26.09.26,페이스북,언더,미글로우,https://facebook.com/122106804795473825/posts/122112563103473825
26.09.26,스레드,언더,미글로우,https://www.threads.com/@glow_yuu/post/Ddv3KtXAnUL
26.09.26,유튜브,언더,미글로우,https://www.youtube.com/shorts/ApxLlD6lxsk
26.09.26,틱톡,언더,미글로우,https://www.tiktok.com/@user395954576131/video/7689794830058163464
26.09.26,스레드,언더,미글로우,https://www.threads.com/@hanna.nahanna/post/Ddv3ng3kQWU
26.09.26,유튜브,언더,미글로우,https://www.youtube.com/shorts/rqLXQHlai2U
26.09.26,틱톡,언더,미글로우,https://www.tiktok.com/@hannananhanna/video/7689795859927616820
26.09.26,유튜브,언더,미글로우,https://www.youtube.com/shorts/Fp66m0pmuwk
26.09.26,틱톡,언더,미글로우,https://www.tiktok.com/@hannananhanna/video/7689802759561841926
26.09.26,스레드,언더,미글로우,https://www.threads.com/@glow_yuu/post/Ddv9c9YDBl9
26.09.26,유튜브,언더,미글로우,https://www.youtube.com/shorts/gcHcS9C0Ulg
26.09.26,틱톡,언더,미글로우,https://www.tiktok.com/@user395954576131/video/7689808987805797652
26.09.26,스레드,언더,미글로우,https://www.threads.com/@glow_yuu/post/DdwLwlxCaVj
26.09.26,유튜브,언더,미글로우,https://www.youtube.com/shorts/iG-_V4T1Zc4
26.09.26,틱톡,언더,미글로우,https://www.tiktok.com/@user395954576131/video/7689841223544114439
26.09.26,스레드,언더,미글로우,https://www.threads.com/@glow_yuu/post/DdwP_3TjflD
26.09.26,유튜브,언더,미글로우,https://www.youtube.com/shorts/rRUTBkndWt0
26.09.26,틱톡,언더,미글로우,https://www.tiktok.com/@user395954576131/video/7689850791498091797
26.09.26,스레드,언더,미글로우,https://www.threads.com/@glow_yuu/post/DdwRXyAD_GT
26.09.26,유튜브,언더,미글로우,https://www.youtube.com/shorts/nZHnmlFFilM
26.09.26,틱톡,언더,미글로우,https://www.tiktok.com/@user395954576131/video/7689853844079086868
26.09.27,링크드인,언더,미글로우,https://linkedin.com/feed/update/urn:li:ugcPost:7509649161965961216
26.09.27,유튜브,언더,미글로우,https://www.youtube.com/shorts/ypOpr_IAgms
26.09.27,틱톡,언더,미글로우,https://www.tiktok.com/@user395954576131/video/7689880754225974549
26.09.27,인스타,언더,미글로우,https://www.instagram.com/reel/DdxH4PuCK11/
26.09.27,페이스북,언더,미글로우,https://facebook.com/reel/2345036502916306
26.09.27,스레드,언더,미글로우,https://www.threads.com/@hanna.nahanna/post/DdxJGYxE5PM
26.09.27,유튜브,언더,미글로우,https://www.youtube.com/shorts/KuU2G_xvT-I
26.09.27,틱톡,언더,미글로우,https://www.tiktok.com/@hannananhanna/video/7689979305597668629
26.09.27,인스타,언더,미글로우,https://www.instagram.com/reel/DdxJW39gOq5/
26.09.27,페이스북,언더,미글로우,https://facebook.com/reel/1145479108433614
26.09.27,스레드,언더,미글로우,https://www.threads.com/@hanna.nahanna/post/DdxKISUlA69
26.09.27,유튜브,언더,미글로우,https://www.youtube.com/shorts/4P05aj_wVR8
26.09.27,인스타,언더,미글로우,https://www.instagram.com/p/DdxKIIHnxEt/
26.09.27,틱톡,언더,미글로우,https://www.tiktok.com/@hannananhanna/video/7689981646497385749
26.09.27,페이스북,언더,미글로우,https://facebook.com/122106804795473825/posts/122112910311473825
26.09.27,스레드,언더,미글로우,https://www.threads.com/@hanna.nahanna/post/DdxLY-ijtkG
26.09.27,유튜브,언더,미글로우,https://www.youtube.com/shorts/3LdLtJf71ak
26.09.27,틱톡,언더,미글로우,https://www.tiktok.com/@hannananhanna/video/7689984485978410258
26.09.27,스레드,언더,미글로우,https://www.threads.com/@hanna.nahanna/post/DdxaYUngTye
26.09.27,유튜브,언더,미글로우,https://www.youtube.com/shorts/2OL4-IPwKHU
26.09.27,틱톡,언더,미글로우,https://www.tiktok.com/@hannananhanna/video/7690018028326604033
26.09.27,인스타,언더,미글로우,https://www.instagram.com/p/Ddxgtzuj9DJ/
26.09.27,페이스북,언더,미글로우,https://facebook.com/122106804795473825/posts/122112977475473825
26.09.27,스레드,언더,미글로우,https://www.threads.com/@hanna.nahanna/post/DdxrM47lMXv
26.09.27,유튜브,언더,미글로우,https://www.youtube.com/shorts/LLGyms4TYUE
26.09.27,틱톡,언더,미글로우,https://www.tiktok.com/@hannananhanna/video/7690056123725909268
26.09.27,스레드,언더,미글로우,https://www.threads.com/@hanna.nahanna/post/DdxsWAgjQfp
26.09.27,유튜브,언더,미글로우,https://www.youtube.com/shorts/9T_6zDCpxyY
26.09.27,틱톡,언더,미글로우,https://www.tiktok.com/@hannananhanna/video/7690058731928718600
26.09.27,링크드인,언더,미글로우,https://linkedin.com/feed/update/urn:li:ugcPost:7509827581907480576
26.09.27,스레드,언더,미글로우,https://www.threads.com/@glow_yuu/post/DdxudBCDzrD
26.09.27,유튜브,언더,미글로우,https://www.youtube.com/shorts/GZ_ySkLqjIA
26.09.27,틱톡,언더,미글로우,https://www.tiktok.com/@user395954576131/video/7690063455793007892
26.09.27,링크드인,언더,미글로우,https://linkedin.com/feed/update/urn:li:ugcPost:7509827831854669824
26.09.27,스레드,언더,미글로우,https://www.threads.com/@glow_yuu/post/DdxukPJgGQW
26.09.27,유튜브,언더,미글로우,https://www.youtube.com/shorts/r_OPUxKJ5kI
26.09.27,틱톡,언더,미글로우,https://www.tiktok.com/@user395954576131/video/7690063715894365460
26.09.27,링크드인,언더,미글로우,https://linkedin.com/feed/update/urn:li:ugcPost:7509832608256692224
26.09.27,스레드,언더,미글로우,https://www.threads.com/@glow_yuu/post/DdxwvLRFTT5
26.09.27,유튜브,언더,미글로우,https://www.youtube.com/shorts/F7XRqwD0X-0
26.09.27,틱톡,언더,미글로우,https://www.tiktok.com/@user395954576131/video/7690068598311685396
26.09.27,스레드,언더,미글로우,https://www.threads.com/@hanna.nahanna/post/Ddx4eRgFIWi
26.09.27,유튜브,언더,미글로우,https://www.youtube.com/shorts/qUvIZ_k7uX0
26.09.27,틱톡,언더,미글로우,https://www.tiktok.com/@hannananhanna/video/7690086004639747335
26.09.27,스레드,언더,미글로우,https://www.threads.com/@hanna.nahanna/post/Ddx6U3rklZZ
26.09.27,유튜브,언더,미글로우,https://www.youtube.com/shorts/QNhtsOqvIRE
26.09.27,틱톡,언더,미글로우,https://www.tiktok.com/@hannananhanna/video/7690090151686589714
26.09.27,스레드,언더,미글로우,https://www.threads.com/@glow_yuu/post/DdyDHqgCUPI
26.09.27,유튜브,언더,미글로우,https://www.youtube.com/shorts/lSVOCNy6p_Q
26.09.27,틱톡,언더,미글로우,https://www.tiktok.com/@user395954576131/video/7690109933005573384
26.09.27,스레드,언더,미글로우,https://www.threads.com/@glow_yuu/post/DdyD0XCFAyi
26.09.27,유튜브,언더,미글로우,https://www.youtube.com/shorts/zPp1gvqj74A
26.09.27,틱톡,언더,미글로우,https://www.tiktok.com/@user395954576131/video/7690111566259244294
26.09.27,스레드,언더,미글로우,https://www.threads.com/@glow_yuu/post/DdyLeV7ifb5
26.09.27,유튜브,언더,미글로우,https://www.youtube.com/shorts/huNlTSRS2Ks
26.09.27,틱톡,언더,미글로우,https://www.tiktok.com/@user395954576131/video/7690128792450321684
26.09.27,스레드,언더,미글로우,https://www.threads.com/@hanna.nahanna/post/DdyOOiFEvvk
26.09.27,유튜브,언더,미글로우,https://www.youtube.com/shorts/fNj2tqu33ls
26.09.27,틱톡,언더,미글로우,https://www.tiktok.com/@hannananhanna/video/7690134987047243026
26.09.27,스레드,언더,미글로우,https://www.threads.com/@hanna.nahanna/post/DdyPIvVFedM
26.09.27,유튜브,언더,미글로우,https://www.youtube.com/shorts/CstJLliSIDU
26.09.27,틱톡,언더,미글로우,https://www.tiktok.com/@hannananhanna/video/7690137037323750663
26.09.27,스레드,언더,미글로우,https://www.threads.com/@glow_yuu/post/DdyTX5-lQPH
26.09.27,유튜브,언더,미글로우,https://www.youtube.com/shorts/jt34xYzS4mA
26.09.27,틱톡,언더,미글로우,https://www.tiktok.com/@user395954576131/video/7690146597279255828
26.09.27,스레드,언더,미글로우,https://www.threads.com/@glow_yuu/post/DdyVFvmACyh
26.09.27,유튜브,언더,미글로우,https://www.youtube.com/shorts/7ukPHXdv6BU
26.09.27,틱톡,언더,미글로우,https://www.tiktok.com/@user395954576131/video/7690150444512840966
26.09.27,스레드,언더,미글로우,https://www.threads.com/@hanna.nahanna/post/Ddycwq-AmSy
26.09.27,유튜브,언더,미글로우,https://www.youtube.com/shorts/yk48iYh4zh4
26.09.27,틱톡,언더,미글로우,https://www.tiktok.com/@hannananhanna/video/7690167602110385414
26.09.27,유튜브,언더,미글로우,https://www.youtube.com/shorts/dHtTv-m6BoY
26.09.27,틱톡,언더,미글로우,https://www.tiktok.com/@hannananhanna/video/7690168568129916181
26.09.27,스레드,언더,미글로우,https://www.threads.com/@glow_yuu/post/Ddyq4h2E488
26.09.27,유튜브,언더,미글로우,https://www.youtube.com/shorts/KZgXmLoxWCc
26.09.27,틱톡,언더,미글로우,https://www.tiktok.com/@user395954576131/video/7690199532482628871
26.09.27,스레드,언더,미글로우,https://www.threads.com/@glow_yuu/post/DdyvhdvkQTO
26.09.27,유튜브,언더,미글로우,https://www.youtube.com/shorts/pQEgfFuH7vY
26.09.27,틱톡,언더,미글로우,https://www.tiktok.com/@user395954576131/video/7690209989314596117
26.09.27,스레드,언더,미글로우,https://www.threads.com/@glow_yuu/post/Ddy34Z6jQ1E
26.09.27,유튜브,언더,미글로우,https://www.youtube.com/shorts/1qh7IA-ES1o
26.09.27,틱톡,언더,미글로우,https://www.tiktok.com/@user395954576131/video/7690228810402417940
26.09.28,링크드인,언더,미글로우,https://linkedin.com/feed/update/urn:li:ugcPost:7509994946590916608
26.09.28,유튜브,언더,미글로우,https://www.youtube.com/shorts/3HFrwC8XBCA
26.09.28,틱톡,언더,미글로우,https://www.tiktok.com/@user395954576131/video/7690234674672717108
26.09.28,스레드,언더,미글로우,https://www.threads.com/@hanna.nahanna/post/DdzsoroCSzC
26.09.28,유튜브,언더,미글로우,https://www.youtube.com/shorts/YW1xsACrm44
26.09.28,틱톡,언더,미글로우,https://www.tiktok.com/@hannananhanna/video/7690347543611460885
26.09.28,인스타,언더,미글로우,https://www.instagram.com/reel/DdzuCO3D-VV/
26.09.28,페이스북,언더,미글로우,https://facebook.com/reel/1790943105566579
26.09.28,인스타,언더,미글로우,https://www.instagram.com/reel/DdzuLCdmGlG/
26.09.28,페이스북,언더,미글로우,https://facebook.com/reel/921870234034197
26.09.28,스레드,언더,미글로우,https://www.threads.com/@hanna.nahanna/post/DdzudnjDEKY
26.09.28,유튜브,언더,미글로우,https://www.youtube.com/shorts/w8PUabH3BgE
26.09.28,틱톡,언더,미글로우,https://www.tiktok.com/@hannananhanna/video/7690351708337229076
26.09.28,스레드,언더,미글로우,https://www.threads.com/@hanna.nahanna/post/DdzxrLzk8Nt
26.09.28,유튜브,언더,미글로우,https://www.youtube.com/shorts/ets_BVGhqLQ
26.09.28,틱톡,언더,미글로우,https://www.tiktok.com/@hannananhanna/video/7690358908099120405
26.09.28,스레드,언더,미글로우,https://www.threads.com/@hanna.nahanna/post/Ddz9k5DjREL
26.09.28,유튜브,언더,미글로우,https://www.youtube.com/shorts/8V7-5OcrY9k
26.09.28,틱톡,언더,미글로우,https://www.tiktok.com/@hannananhanna/video/7690385746544299282
26.09.28,링크드인,언더,미글로우,https://linkedin.com/feed/update/urn:li:ugcPost:7510178384690229248
26.09.28,스레드,언더,미글로우,https://www.threads.com/@glow_yuu/post/Dd0N-xQCgRz
26.09.28,유튜브,언더,미글로우,https://www.youtube.com/shorts/hc3G9JUUER0
26.09.28,틱톡,언더,미글로우,https://www.tiktok.com/@user395954576131/video/7690422676682312961
26.09.28,네이버 블로그,공식,미글로우,https://blog.naver.com/hironic-official/224424673979
26.09.28,링크드인,언더,미글로우,https://linkedin.com/feed/update/urn:li:ugcPost:7510185689251221504
26.09.28,스레드,언더,미글로우,https://www.threads.com/@glow_yuu/post/Dd0RTMhkgsH
26.09.28,유튜브,언더,미글로우,https://www.youtube.com/shorts/AvqFBVCx6gU
26.09.28,틱톡,언더,미글로우,https://www.tiktok.com/@user395954576131/video/7690430127905279252
26.09.28,네이버 블로그,언더,미글로우,https://blog.naver.com/kbeautyfy/224424688262
26.09.28,스레드,언더,미글로우,https://www.threads.com/@hanna.nahanna/post/Dd0SvnWD-Pn
26.09.28,유튜브,언더,미글로우,https://www.youtube.com/shorts/7n0C8fpRdNY
26.09.28,틱톡,언더,미글로우,https://www.tiktok.com/@hannananhanna/video/7690433398694841607
26.09.28,스레드,언더,미글로우,https://www.threads.com/@hanna.nahanna/post/Dd0Ti32gJWd
26.09.28,유튜브,언더,미글로우,https://www.youtube.com/shorts/AgnTvLd-3ks
26.09.28,틱톡,언더,미글로우,https://www.tiktok.com/@hannananhanna/video/7690435209531034901
26.09.28,링크드인,언더,미글로우,https://linkedin.com/feed/update/urn:li:ugcPost:7510193990734950400
26.09.28,스레드,언더,미글로우,https://www.threads.com/@glow_yuu/post/Dd0VEuWGmbn
26.09.28,유튜브,언더,미글로우,https://www.youtube.com/shorts/oj-W_NIQifk
26.09.28,틱톡,언더,미글로우,https://www.tiktok.com/@user395954576131/video/7690438645752417543
26.09.28,스레드,언더,미글로우,https://www.threads.com/@glow_yuu/post/Dd0VX7Ojt2C
26.09.28,유튜브,언더,미글로우,https://www.youtube.com/shorts/t6k8ZVedGKs
26.09.28,틱톡,언더,미글로우,https://www.tiktok.com/@user395954576131/video/7690439305033977106
26.09.28,네이버 블로그,공식,미글로우,https://blog.naver.com/hironic-official/224424674992
26.09.28,유튜브,언더,미글로우,https://www.youtube.com/shorts/WvM9krSmlXo
26.09.28,틱톡,언더,미글로우,https://www.tiktok.com/@hannananhanna/video/7690456055268035846
26.09.28,인스타,언더,미글로우,https://www.instagram.com/p/Dd0dZpxjG41/
26.09.28,페이스북,언더,미글로우,https://facebook.com/122106804795473825/posts/122113552521473825
26.09.28,스레드,언더,미글로우,https://www.threads.com/@hanna.nahanna/post/Dd0e_KfCfQi
26.09.28,유튜브,언더,미글로우,https://www.youtube.com/shorts/mM2QE5PwJ0Q
26.09.28,틱톡,언더,미글로우,https://www.tiktok.com/@hannananhanna/video/7690460962150780167
26.09.28,네이버 블로그,언더,미글로우,https://blog.naver.com/kbeautyfy/224424689807
26.09.28,네이버 블로그,언더,시너젯,https://blog.naver.com/kbeautyfy/224424693567
26.09.28,네이버 블로그,공식,시너젯,https://blog.naver.com/hironic-official/224424676698
26.09.28,네이버 블로그,공식,시너젯,https://blog.naver.com/hironic-official/224424684596
26.09.28,스레드,언더,미글로우,https://www.threads.com/@hanna.nahanna/post/Dd0yysOie5S
26.09.28,유튜브,언더,미글로우,https://www.youtube.com/shorts/IjVoQ6NGqJU
26.09.28,틱톡,언더,미글로우,https://www.tiktok.com/@hannananhanna/video/7690505532142046516
26.09.28,스레드,언더,미글로우,https://www.threads.com/@glow_yuu/post/Dd0zmAvidjn
26.09.28,유튜브,언더,미글로우,https://www.youtube.com/shorts/rxxwpEHZK94
26.09.28,틱톡,언더,미글로우,https://www.tiktok.com/@user395954576131/video/7690507369104542994
26.09.28,스레드,언더,미글로우,https://www.threads.com/@hanna.nahanna/post/Dd0z1kYiPQJ
26.09.28,유튜브,언더,미글로우,https://www.youtube.com/shorts/-STuTr1_NRs
26.09.28,틱톡,언더,미글로우,https://www.tiktok.com/@hannananhanna/video/7690507909247126804
26.09.28,네이버 블로그,언더,시너젯,https://blog.naver.com/kbeautyfy/224424694673
26.09.28,스레드,언더,미글로우,https://www.threads.com/@glow_yuu/post/Dd07m5fk_QA
26.09.28,유튜브,언더,미글로우,https://www.youtube.com/shorts/_Du-0kIiaMQ
26.09.28,틱톡,언더,미글로우,https://www.tiktok.com/@user395954576131/video/7690525403278036244
26.09.28,인스타,언더,미글로우,https://www.instagram.com/p/Dd09xvfG0BR/
26.09.28,페이스북,언더,미글로우,https://facebook.com/122106804795473825/posts/122113655343473825
26.09.28,유튜브,언더,미글로우,https://www.youtube.com/shorts/2EPPrjaUDXY
26.09.28,틱톡,언더,미글로우,https://www.tiktok.com/@hannananhanna/video/7690536757120470278
26.09.28,스레드,언더,미글로우,https://www.threads.com/@glow_yuu/post/Dd1BGYvkk3I
26.09.28,유튜브,언더,미글로우,https://www.youtube.com/shorts/UGX2Ys6ZBg4
26.09.28,틱톡,언더,미글로우,https://www.tiktok.com/@user395954576131/video/7690537776399404309
26.09.28,스레드,언더,미글로우,https://www.threads.com/@hanna.nahanna/post/Dd1Bj1uih8M
26.09.28,유튜브,언더,미글로우,https://www.youtube.com/shorts/h3tiJgLo-v0
26.09.28,틱톡,언더,미글로우,https://www.tiktok.com/@hannananhanna/video/7690538830360874261
26.09.28,스레드,언더,미글로우,https://www.threads.com/@glow_yuu/post/Dd1Eh6GlYn4
26.09.28,유튜브,언더,미글로우,https://www.youtube.com/shorts/fp-aBT15Y40
26.09.28,틱톡,언더,미글로우,https://www.tiktok.com/@user395954576131/video/7690545522066722068
26.09.28,스레드,언더,미글로우,https://www.threads.com/@glow_yuu/post/Dd1HnszgASR
26.09.28,유튜브,언더,미글로우,https://www.youtube.com/shorts/p7j0Ki5hXOo
26.09.28,틱톡,언더,미글로우,https://www.tiktok.com/@user395954576131/video/7690552471126641940
26.09.28,스레드,언더,미글로우,https://www.threads.com/@glow_yuu/post/Dd1WuP8Acdq
26.09.28,유튜브,언더,미글로우,https://www.youtube.com/shorts/-s_wGAYbrv0
26.09.28,틱톡,언더,미글로우,https://www.tiktok.com/@user395954576131/video/7690586500760751380
26.09.28,스레드,언더,미글로우,https://www.threads.com/@glow_yuu/post/Dd1ZXyqEpAs
26.09.28,유튜브,언더,미글로우,https://www.youtube.com/shorts/rPAchlpt3Pc
26.09.28,틱톡,언더,미글로우,https://www.tiktok.com/@user395954576131/video/7690592297096105222
26.09.29,링크드인,언더,미글로우,https://linkedin.com/feed/update/urn:li:ugcPost:7510357882425774080
26.09.29,유튜브,언더,미글로우,https://www.youtube.com/shorts/LJlWsvhUxD0
26.09.29,틱톡,언더,미글로우,https://www.tiktok.com/@user395954576131/video/7690606459511426310
26.09.29,스레드,언더,미글로우,https://www.threads.com/@hanna.nahanna/post/Dd2t7uCDgg1
26.09.29,유튜브,언더,미글로우,https://www.youtube.com/shorts/RiHnclZn-SM
26.09.29,틱톡,언더,미글로우,https://www.tiktok.com/@hannananhanna/video/7690782594140523777
26.09.29,인스타,언더,미글로우,https://www.instagram.com/reel/Dd2wvfkH7-c/
26.09.29,페이스북,언더,미글로우,https://facebook.com/reel/2497062587470718
26.09.29,스레드,언더,미글로우,https://www.threads.com/@hanna.nahanna/post/Dd2yKHYjZ6W
26.09.29,유튜브,언더,미글로우,https://www.youtube.com/shorts/xYyMBbq1vnY
26.09.29,틱톡,언더,미글로우,https://www.tiktok.com/@hannananhanna/video/7690792333385796884
26.09.29,인스타,언더,미글로우,https://www.instagram.com/reel/Dd2z99dkVSd/
26.09.29,페이스북,언더,미글로우,https://facebook.com/reel/934967666358695
26.09.29,인스타,언더,미글로우,https://www.instagram.com/reel/Dd23lq4DKv8/
26.09.29,페이스북,언더,미글로우,https://facebook.com/reel/1630179108744112
26.09.29,인스타,언더,미글로우,https://www.instagram.com/reel/Dd24LVyCXyR/
26.09.29,페이스북,언더,미글로우,https://facebook.com/reel/1379927824299552
26.09.29,스레드,언더,미글로우,https://www.threads.com/@hanna.nahanna/post/Dd24V--Ewbh
26.09.29,유튜브,언더,미글로우,https://www.youtube.com/shorts/nxKWwRQhSq8
26.09.29,틱톡,언더,미글로우,https://www.tiktok.com/@hannananhanna/video/7690806283972119860
26.09.29,스레드,언더,미글로우,https://www.threads.com/@hanna.nahanna/post/Dd28WVFAFqd
26.09.29,스레드,언더,미글로우,https://www.threads.com/@hanna.nahanna/post/Dd28We9lNwF
26.09.29,유튜브,언더,미글로우,https://www.youtube.com/shorts/KC6bRRMVKt4
26.09.29,유튜브,언더,미글로우,https://www.youtube.com/shorts/g2ZlqlXgucc
26.09.29,틱톡,언더,미글로우,https://www.tiktok.com/@hannananhanna/video/7690815300656270612
26.09.29,틱톡,언더,미글로우,https://www.tiktok.com/@hannananhanna/video/7690815327529078034
26.09.29,스레드,언더,미글로우,https://www.threads.com/@hanna.nahanna/post/Dd3BmyvD3b1
26.09.29,유튜브,언더,미글로우,https://www.youtube.com/shorts/qyfJiQ-TV0s
26.09.29,인스타,언더,미글로우,https://www.instagram.com/reel/Dd3BzMCjZaT/
26.09.29,틱톡,언더,미글로우,https://www.tiktok.com/@hannananhanna/video/7690827131395362069
26.09.29,페이스북,언더,미글로우,https://facebook.com/reel/1654538169394351
26.09.29,링크드인,언더,미글로우,https://linkedin.com/feed/update/urn:li:ugcPost:7510581052034342912
26.09.29,스레드,언더,미글로우,https://www.threads.com/@glow_yuu/post/Dd3FF-OgPqM
26.09.29,유튜브,언더,미글로우,https://www.youtube.com/shorts/d8NIwutX-Wk
26.09.29,틱톡,언더,미글로우,https://www.tiktok.com/@user395954576131/video/7690835004959739157
26.09.29,링크드인,언더,미글로우,https://linkedin.com/feed/update/urn:li:ugcPost:7510598916413882368
26.09.29,스레드,언더,미글로우,https://www.threads.com/@glow_yuu/post/Dd3NNnKFKnV
26.09.29,유튜브,언더,미글로우,https://www.youtube.com/shorts/FVGMgevNx58
26.09.29,틱톡,언더,미글로우,https://www.tiktok.com/@user395954576131/video/7690853234168073473
26.09.29,인스타,언더,미글로우,https://www.instagram.com/p/Dd3QG-YlOR7/
26.09.29,페이스북,언더,미글로우,https://facebook.com/122095630713484996/posts/122107387023484996
26.09.29,스레드,언더,미글로우,https://www.threads.com/@hanna.nahanna/post/Dd3QQ22AAYv
26.09.29,유튜브,언더,미글로우,https://www.youtube.com/shorts/XFvy4ZMjkMg
26.09.29,틱톡,언더,미글로우,https://www.tiktok.com/@hannananhanna/video/7690860169869249812
26.09.29,스레드,언더,미글로우,https://www.threads.com/@hanna.nahanna/post/Dd3SkQ7mhba
26.09.29,유튜브,언더,미글로우,https://www.youtube.com/shorts/wPU1wos7Huk
26.09.29,틱톡,언더,미글로우,https://www.tiktok.com/@hannananhanna/video/7690865317806935317
26.09.29,스레드,언더,미글로우,https://www.threads.com/@glow_yuu/post/Dd3Ycg3k5re
26.09.29,유튜브,언더,미글로우,https://www.youtube.com/shorts/wbbU0iJ7zDk
26.09.29,틱톡,언더,미글로우,https://www.tiktok.com/@user395954576131/video/7690878583249620245
26.09.29,링크드인,언더,미글로우,https://linkedin.com/feed/update/urn:li:ugcPost:7510629498971815937
26.09.29,스레드,언더,미글로우,https://www.threads.com/@glow_yuu/post/Dd3bH8oD-1C
26.09.29,유튜브,언더,미글로우,https://www.youtube.com/shorts/OxV6uf2Kiuk
26.09.29,틱톡,언더,미글로우,https://www.tiktok.com/@user395954576131/video/7690884584761806101
26.09.29,인스타,언더,미글로우,https://www.instagram.com/reel/Dd3br30DYBi/
26.09.29,페이스북,언더,미글로우,https://facebook.com/reel/2113318409294702
26.09.29,스레드,언더,미글로우,https://www.threads.com/@glow_yuu/post/Dd3cruVF9PU
26.09.29,유튜브,언더,미글로우,https://www.youtube.com/shorts/7tNfpS5wjSU
26.09.29,틱톡,언더,미글로우,https://www.tiktok.com/@user395954576131/video/7690888049252683026
26.09.29,스레드,언더,미글로우,https://www.threads.com/@hanna.nahanna/post/Dd3e-RrjOXu
26.09.29,유튜브,언더,미글로우,https://www.youtube.com/shorts/xlwAulrbYDI
26.09.29,틱톡,언더,미글로우,https://www.tiktok.com/@hannananhanna/video/7690893273778392338
26.09.29,스레드,언더,미글로우,https://www.threads.com/@glow_yuu/post/Dd3l9GgEwwQ
26.09.29,유튜브,언더,미글로우,https://www.youtube.com/shorts/lC4jEfy3Ifc
26.09.29,틱톡,언더,미글로우,https://www.tiktok.com/@user395954576131/video/7690909014124760340
26.09.29,스레드,언더,미글로우,https://www.threads.com/@hanna.nahanna/post/Dd3ncUgD9OX
26.09.29,유튜브,언더,미글로우,https://www.youtube.com/shorts/ZlQM9PWUlEc
26.09.29,틱톡,언더,미글로우,https://www.tiktok.com/@hannananhanna/video/7690912364593696020
26.09.29,스레드,언더,미글로우,https://www.threads.com/@hanna.nahanna/post/Dd3vdNZDQMd
26.09.29,유튜브,언더,미글로우,https://www.youtube.com/shorts/DTRQSMKREg0
26.09.29,틱톡,언더,미글로우,https://www.tiktok.com/@hannananhanna/video/7690930380827806977
26.09.29,스레드,언더,미글로우,https://www.threads.com/@glow_yuu/post/Dd3yT-sgTz4
26.09.29,유튜브,언더,미글로우,https://www.youtube.com/shorts/gmpeeGsBQoE
26.09.29,틱톡,언더,미글로우,https://www.tiktok.com/@user395954576131/video/7690936854572666133
26.09.29,스레드,언더,미글로우,https://www.threads.com/@glow_yuu/post/Dd35LW6iamQ
26.09.29,유튜브,언더,미글로우,https://www.youtube.com/shorts/likWQvah4GI
26.09.29,틱톡,언더,미글로우,https://www.tiktok.com/@user395954576131/video/7690952321093635380
26.09.29,스레드,언더,미글로우,https://www.threads.com/@glow_yuu/post/Dd4ADnlkbiB
26.09.29,유튜브,언더,미글로우,https://www.youtube.com/shorts/Gl6LvIsUyJQ
26.09.29,틱톡,언더,미글로우,https://www.tiktok.com/@user395954576131/video/7690967776864865554
26.09.30,링크드인,언더,미글로우,https://linkedin.com/feed/update/urn:li:ugcPost:7510727409172709376
26.09.30,스레드,언더,미글로우,https://www.threads.com/@glow_yuu/post/Dd4Hpetk3R9
26.09.30,유튜브,언더,미글로우,https://www.youtube.com/shorts/vXUvwbFC4eA
26.09.30,틱톡,언더,미글로우,https://www.tiktok.com/@user395954576131/video/7690984858872483092
26.09.30,링크드인,언더,미글로우,https://linkedin.com/feed/update/urn:li:ugcPost:7510729171493433344
26.09.30,스레드,언더,미글로우,https://www.threads.com/@glow_yuu/post/Dd4Ic6eifYW
26.09.30,유튜브,언더,미글로우,https://www.youtube.com/shorts/bzXBfjyaGV0
26.09.30,틱톡,언더,미글로우,https://www.tiktok.com/@user395954576131/video/7690986464234032436
26.09.30,스레드,언더,미글로우,https://www.threads.com/@hanna.nahanna/post/Dd438u5FVmv
26.09.30,유튜브,언더,미글로우,https://www.youtube.com/shorts/z9doN5h8ceY
26.09.30,틱톡,언더,미글로우,https://www.tiktok.com/@hannananhanna/video/7691093603212479751
26.09.30,인스타,언더,미글로우,https://www.instagram.com/reel/Dd46Ub1gb2B/
26.09.30,페이스북,언더,미글로우,https://facebook.com/reel/1516769507141114
26.09.30,인스타,언더,미글로우,https://www.instagram.com/reel/Dd46hHBiklQ/
26.09.30,페이스북,언더,미글로우,https://facebook.com/reel/896847423359115
26.09.30,네이버 블로그,공식,미글로우,https://blog.naver.com/hironic-official/224426710837
26.09.30,스레드,언더,미글로우,https://www.threads.com/@hanna.nahanna/post/Dd5AHLplAdo
26.09.30,유튜브,언더,미글로우,https://www.youtube.com/shorts/nkNNqWdamsc
26.09.30,틱톡,언더,미글로우,https://www.tiktok.com/@hannananhanna/video/7691111982644071700
26.09.30,네이버 블로그,언더,미글로우,https://blog.naver.com/kbeautyfy/224426715981
26.09.30,스레드,언더,미글로우,https://www.threads.com/@hanna.nahanna/post/Dd5HToXjQ9X
26.09.30,유튜브,언더,미글로우,https://www.youtube.com/shorts/0RgRjBSBHoU
26.09.30,틱톡,언더,미글로우,https://www.tiktok.com/@hannananhanna/video/7691128222469066002
26.09.30,인스타,언더,미글로우,https://www.instagram.com/p/Dd5M7J2lwoB/
26.09.30,페이스북,언더,미글로우,https://facebook.com/122106804795473825/posts/122114567445473825
26.09.30,네이버 블로그,공식,미글로우,https://blog.naver.com/hironic-official/224426711837
26.09.30,스레드,언더,미글로우,https://www.threads.com/@hanna.nahanna/post/Dd5N6uYAu4_
26.09.30,틱톡,언더,미글로우,https://www.tiktok.com/@hannananhanna/video/7691143083186081025
26.09.30,네이버 블로그,언더,미글로우,https://blog.naver.com/kbeautyfy/224426717010
26.09.30,네이버 블로그,언더,시너젯,https://blog.naver.com/kbeautyfy/224426718876
26.09.30,링크드인,언더,미글로우,https://linkedin.com/feed/update/urn:li:ugcPost:7510910716321783808
26.09.30,스레드,언더,미글로우,https://www.threads.com/@glow_yuu/post/Dd5bASYCYqH
26.09.30,유튜브,언더,미글로우,https://www.youtube.com/shorts/ewage9Wyef8
26.09.30,틱톡,언더,미글로우,https://www.tiktok.com/@user395954576131/video/7691172533319716102
26.09.30,스레드,언더,미글로우,https://www.threads.com/@hanna.nahanna/post/Dd5b1_ijY3z
26.09.30,유튜브,언더,미글로우,https://www.youtube.com/shorts/6Qxx26mlo7c
26.09.30,틱톡,언더,미글로우,https://www.tiktok.com/@hannananhanna/video/7691174433012157702
26.09.30,네이버 블로그,공식,시너젯,https://blog.naver.com/hironic-official/224426713676
26.09.30,스레드,언더,미글로우,https://www.threads.com/@hanna.nahanna/post/Dd5jxjPCmfQ
26.09.30,유튜브,언더,미글로우,https://www.youtube.com/shorts/qkqHNfsF8Cg
26.09.30,틱톡,언더,미글로우,https://www.tiktok.com/@hannananhanna/video/7691192279775595782
26.09.30,링크드인,언더,미글로우,https://linkedin.com/feed/update/urn:li:ugcPost:7510932605979193344
26.09.30,스레드,언더,미글로우,https://www.threads.com/@glow_yuu/post/Dd5k9X7ickx
26.09.30,유튜브,언더,미글로우,https://www.youtube.com/shorts/jM_yfInEVks
26.09.30,틱톡,언더,미글로우,https://www.tiktok.com/@user395954576131/video/7691194935042755892
26.09.30,링크드인,언더,미글로우,https://linkedin.com/feed/update/urn:li:ugcPost:7510935378208522242
26.09.30,스레드,언더,미글로우,https://www.threads.com/@glow_yuu/post/Dd5mOC5DlK6
26.09.30,유튜브,언더,미글로우,https://www.youtube.com/shorts/FT20mAWJNKg
26.09.30,틱톡,언더,미글로우,https://www.tiktok.com/@user395954576131/video/7691197808493284660
26.09.30,네이버 블로그,언더,시너젯,https://blog.naver.com/kbeautyfy/224426719778
26.09.30,스레드,언더,미글로우,https://www.threads.com/@hanna.nahanna/post/Dd5q_CeDweL
26.09.30,유튜브,언더,미글로우,https://www.youtube.com/shorts/Tf1YPD63614
26.09.30,틱톡,언더,미글로우,https://www.tiktok.com/@hannananhanna/video/7691208567977692434
26.09.30,인스타,언더,미글로우,https://www.instagram.com/p/Dd5rNUHFORZ/
26.09.30,페이스북,언더,미글로우,https://facebook.com/122095630713484996/posts/122108242347484996
26.09.30,스레드,언더,미글로우,https://www.threads.com/@glow_yuu/post/Dd5tC00AHS2
26.09.30,유튜브,언더,미글로우,https://www.youtube.com/shorts/fZyVRwDKv0o
26.09.30,틱톡,언더,미글로우,https://www.tiktok.com/@user395954576131/video/7691213200985181448
26.09.30,스레드,언더,미글로우,https://www.threads.com/@hanna.nahanna/post/Dd5tupHj0jQ
26.09.30,유튜브,언더,미글로우,https://www.youtube.com/shorts/Rw0JUqyjK9E
26.09.30,틱톡,언더,미글로우,https://www.tiktok.com/@hannananhanna/video/7691214714155879688
26.09.30,네이버 블로그,공식,시너젯,https://blog.naver.com/hironic-official/224426714546
26.09.30,스레드,언더,미글로우,https://www.threads.com/@glow_yuu/post/Dd50QGtjEPB
26.09.30,틱톡,언더,미글로우,https://www.tiktok.com/@user395954576131/video/7691229438087859508
26.09.30,스레드,언더,미글로우,https://www.threads.com/@hanna.nahanna/post/Dd6ARsPDYok
26.09.30,유튜브,언더,미글로우,https://www.youtube.com/shorts/960GejMVcaM
26.09.30,틱톡,언더,미글로우,https://www.tiktok.com/@hannananhanna/video/7691256452505259316
26.09.30,스레드,언더,미글로우,https://www.threads.com/@glow_yuu/post/Dd6Figbj1RB
26.09.30,유튜브,언더,미글로우,https://www.youtube.com/shorts/mgz1-3PSpQI
26.09.30,틱톡,언더,미글로우,https://www.tiktok.com/@user395954576131/video/7691268347891174662
26.09.30,스레드,언더,미글로우,https://www.threads.com/@hanna.nahanna/post/Dd6GHhoit8P
26.09.30,유튜브,언더,미글로우,https://www.youtube.com/shorts/rLTgIDJP0Qg
26.09.30,틱톡,언더,미글로우,https://www.tiktok.com/@hannananhanna/video/7691269662801235221
26.09.30,유튜브,언더,미글로우,https://www.youtube.com/shorts/3l_gMi-JKRI
26.09.30,틱톡,언더,미글로우,https://www.tiktok.com/@hannananhanna/video/7691275881972616468
26.09.30,스레드,언더,미글로우,https://www.threads.com/@glow_yuu/post/Dd6M3hElRJw
26.09.30,유튜브,언더,미글로우,https://www.youtube.com/shorts/tRkyYOVqHNI
26.09.30,틱톡,언더,미글로우,https://www.tiktok.com/@user395954576131/video/7691284870038850824
26.09.30,스레드,언더,미글로우,https://www.threads.com/@glow_yuu/post/Dd6QTRFAh5P
26.09.30,유튜브,언더,미글로우,https://www.youtube.com/shorts/Dfum90jn6-E
26.09.30,틱톡,언더,미글로우,https://www.tiktok.com/@user395954576131/video/7691292598757035285
26.09.30,유튜브,언더,미글로우,https://www.youtube.com/shorts/rhq8UEFuS8k
26.09.30,틱톡,언더,미글로우,https://www.tiktok.com/@hannananhanna/video/7691297484689116436
26.09.30,스레드,언더,미글로우,https://www.threads.com/@glow_yuu/post/Dd6Vy-bCl2E
26.09.30,유튜브,언더,미글로우,https://www.youtube.com/shorts/g7Q0uVS_YVs
26.09.30,틱톡,언더,미글로우,https://www.tiktok.com/@user395954576131/video/7691304977008037172
26.09.30,스레드,언더,미글로우,https://www.threads.com/@glow_yuu/post/Dd6kVCKDgHg
26.09.30,유튜브,언더,미글로우,https://www.youtube.com/shorts/n3qZWyCopXc
26.09.30,틱톡,언더,미글로우,https://www.tiktok.com/@user395954576131/video/7691337640007765254
26.10.01,링크드인,언더,미글로우,https://linkedin.com/feed/update/urn:li:ugcPost:7511101266668883968
26.10.01,유튜브,언더,미글로우,https://www.youtube.com/shorts/wgLunTau9Cs
26.10.01,틱톡,언더,미글로우,https://www.tiktok.com/@user395954576131/video/7691367704736861461
26.10.01,링크드인,언더,미글로우,https://linkedin.com/feed/update/urn:li:ugcPost:7511111082200170497
26.10.01,유튜브,언더,미글로우,https://www.youtube.com/shorts/-Rr4xqC4KS0
26.10.01,틱톡,언더,미글로우,https://www.tiktok.com/@user395954576131/video/7691377742989757703
26.10.01,인스타,언더,미글로우,https://www.instagram.com/reel/Dd7a9WPDGO-/
26.10.01,페이스북,언더,미글로우,https://facebook.com/reel/28455414190775461
26.10.01,스레드,언더,미글로우,https://www.threads.com/@hanna.nahanna/post/Dd7bXxUggZE
26.10.01,유튜브,언더,미글로우,https://www.youtube.com/shorts/qbGMX-7uNkI
26.10.01,틱톡,언더,미글로우,https://www.tiktok.com/@hannananhanna/video/7691461612405804295
26.10.01,인스타,언더,미글로우,https://www.instagram.com/reel/Dd7cSoLD3Me/
26.10.01,페이스북,언더,미글로우,https://facebook.com/reel/1753855129200235
26.10.01,인스타,언더,미글로우,https://www.instagram.com/reel/Dd7gEwSkpcS/
26.10.01,페이스북,언더,미글로우,https://facebook.com/reel/1423367805788993
26.10.01,인스타,언더,미글로우,https://www.instagram.com/reel/Dd7gUaEFCrN/
26.10.01,페이스북,언더,미글로우,https://facebook.com/reel/2278504889355609
26.10.01,스레드,언더,미글로우,https://www.threads.com/@hanna.nahanna/post/Dd7iWVWjGoS
26.10.01,유튜브,언더,미글로우,https://www.youtube.com/shorts/vWkcLhO87iE
26.10.01,틱톡,언더,미글로우,https://www.tiktok.com/@hannananhanna/video/7691477345554664724
26.10.01,스레드,언더,미글로우,https://www.threads.com/@hanna.nahanna/post/Dd7tGx6giO7
26.10.01,틱톡,언더,미글로우,https://www.tiktok.com/@hannananhanna/video/7691501514174598452
26.10.01,인스타,언더,미글로우,https://www.instagram.com/p/Dd7xGuLkW7t/
26.10.01,페이스북,언더,미글로우,https://facebook.com/122106804795473825/posts/122115109059473825
26.10.01,스레드,언더,미글로우,https://www.threads.com/@hanna.nahanna/post/Dd7zR0kCbjv
26.10.01,틱톡,언더,미글로우,https://www.tiktok.com/@hannananhanna/video/7691515462076730644
26.10.01,스레드,언더,미글로우,https://www.threads.com/@glow_yuu/post/Dd728f-AICg
26.10.01,유튜브,언더,미글로우,https://www.youtube.com/shorts/9-7b7_JM8VY
26.10.01,틱톡,언더,미글로우,https://www.tiktok.com/@user395954576131/video/7691523706102861057
26.10.01,링크드인,언더,미글로우,https://linkedin.com/feed/update/urn:li:ugcPost:7511270331479658497
26.10.01,스레드,언더,미글로우,https://www.threads.com/@glow_yuu/post/Dd7-iiHE1pg
26.10.01,유튜브,언더,미글로우,https://www.youtube.com/shorts/ea-orazqjUA
26.10.01,틱톡,언더,미글로우,https://www.tiktok.com/@user395954576131/video/7691540819714804999
26.10.01,스레드,언더,미글로우,https://www.threads.com/@hanna.nahanna/post/Dd8ARqXFU0s
26.10.01,유튜브,언더,미글로우,https://www.youtube.com/shorts/uxjX2GeWpes
26.10.01,틱톡,언더,미글로우,https://www.tiktok.com/@hannananhanna/video/7691544710577523988
26.10.01,스레드,언더,미글로우,https://www.threads.com/@glow_yuu/post/Dd8C18bCGiZ
26.10.01,유튜브,언더,미글로우,https://www.youtube.com/shorts/g18HYbqt_lU
26.10.01,틱톡,언더,미글로우,https://www.tiktok.com/@user395954576131/video/7691550514319871233
26.10.01,스레드,언더,미글로우,https://www.threads.com/@hanna.nahanna/post/Dd8HLnljeEd
26.10.01,유튜브,언더,미글로우,https://www.youtube.com/shorts/OhQZZ2MF7PA
26.10.01,틱톡,언더,미글로우,https://www.tiktok.com/@hannananhanna/video/7691560275014618386
26.10.01,네이버 블로그,공식,미글로우,https://blog.naver.com/hironic-official/224428248596
26.10.01,네이버 블로그,언더,미글로우,https://blog.naver.com/kbeautyfy/224428257035
26.10.01,스레드,언더,미글로우,https://www.threads.com/@hanna.nahanna/post/Dd8OaNhE1ak
26.10.01,유튜브,언더,미글로우,https://www.youtube.com/shorts/rCjTvaaUAOo
26.10.01,틱톡,언더,미글로우,https://www.tiktok.com/@hannananhanna/video/7691576563996937492
26.10.01,인스타,언더,미글로우,https://www.instagram.com/p/Dd8PbgNjm9y/
26.10.01,페이스북,언더,미글로우,https://facebook.com/122106804795473825/posts/122115186441473825
26.10.01,네이버 블로그,공식,미글로우,https://blog.naver.com/hironic-official/224428249677
26.10.01,네이버 블로그,언더,미글로우,https://blog.naver.com/kbeautyfy/224428258799
26.10.01,스레드,언더,미글로우,https://www.threads.com/@glow_yuu/post/Dd8Sod4DFIZ
26.10.01,틱톡,언더,미글로우,https://www.tiktok.com/@user395954576131/video/7691585972777078068
26.10.01,스레드,언더,미글로우,https://www.threads.com/@hanna.nahanna/post/Dd8TNK3AApd
26.10.01,유튜브,언더,미글로우,https://www.youtube.com/shorts/oxEAAecO0RI
26.10.01,틱톡,언더,미글로우,https://www.tiktok.com/@hannananhanna/video/7691587353659411732
26.10.01,네이버 블로그,언더,시너젯,https://blog.naver.com/kbeautyfy/224428261075
26.10.01,스레드,언더,미글로우,https://www.threads.com/@glow_yuu/post/Dd8ah7ikxYs
26.10.01,틱톡,언더,미글로우,https://www.tiktok.com/@user395954576131/video/7691603865241668884
26.10.01,스레드,언더,미글로우,https://www.threads.com/@hanna.nahanna/post/Dd8fkspDSo6
26.10.01,유튜브,언더,미글로우,https://www.youtube.com/shorts/1wKyNBHEfQQ
26.10.01,틱톡,언더,미글로우,https://www.tiktok.com/@hannananhanna/video/7691615230543023381
26.10.01,네이버 블로그,공식,시너젯,https://blog.naver.com/hironic-official/224428251394
26.10.01,네이버 블로그,공식,시너젯,https://blog.naver.com/hironic-official/224428252953
26.10.01,네이버 블로그,언더,시너젯,https://blog.naver.com/kbeautyfy/224428264546
26.10.01,스레드,언더,미글로우,https://www.threads.com/@glow_yuu/post/Dd8puIhGkIr
26.10.01,유튜브,언더,미글로우,https://www.youtube.com/shorts/FC1vUX26QpY
26.10.01,틱톡,언더,미글로우,https://www.tiktok.com/@user395954576131/video/7691638062496992532
26.10.01,스레드,언더,미글로우,https://www.threads.com/@hanna.nahanna/post/Dd8rDRTj7_l
26.10.01,유튜브,언더,미글로우,https://www.youtube.com/shorts/esZ5jFMsYD8
26.10.01,틱톡,언더,미글로우,https://www.tiktok.com/@hannananhanna/video/7691641058442104084
26.10.01,스레드,언더,미글로우,https://www.threads.com/@glow_yuu/post/Dd8rmvWAMHO
26.10.01,유튜브,언더,미글로우,https://www.youtube.com/shorts/MzMeauB_FIM
26.10.01,틱톡,언더,미글로우,https://www.tiktok.com/@user395954576131/video/7691642311775669524
26.10.01,유튜브,언더,미글로우,https://www.youtube.com/shorts/MRq7vd5e4Jw
26.10.01,틱톡,언더,미글로우,https://www.tiktok.com/@hannananhanna/video/7691647697362652436
26.10.01,스레드,언더,미글로우,https://www.threads.com/@glow_yuu/post/Dd8zqZyAmeJ
26.10.01,유튜브,언더,미글로우,https://www.youtube.com/shorts/khq4_4UvF24
26.10.01,틱톡,언더,미글로우,https://www.tiktok.com/@user395954576131/video/7691660452966763797
26.10.01,유튜브,언더,미글로우,https://www.youtube.com/shorts/e2s8NSpnw8Q
26.10.01,틱톡,언더,미글로우,https://www.tiktok.com/@hannananhanna/video/7691669378659519752
26.10.01,유튜브,언더,미글로우,https://www.youtube.com/shorts/2ddNN1hAq6E
26.10.01,틱톡,언더,미글로우,https://www.tiktok.com/@user395954576131/video/7691694853725375752
26.10.01,스레드,언더,미글로우,https://www.threads.com/@glow_yuu/post/Dd9DgqPgULa
26.10.01,유튜브,언더,미글로우,https://www.youtube.com/shorts/3aKUPuVmxEM
26.10.01,틱톡,언더,미글로우,https://www.tiktok.com/@user395954576131/video/7691696112897461524
26.10.02,링크드인,언더,미글로우,https://linkedin.com/feed/update/urn:li:ugcPost:7511454832428388352
26.10.02,링크드인,언더,미글로우,https://linkedin.com/feed/update/urn:li:ugcPost:7511454833862737920
26.10.02,스레드,언더,미글로우,https://www.threads.com/@glow_yuu/post/Dd9ScJ8jc53
26.10.02,유튜브,언더,미글로우,https://www.youtube.com/shorts/R1hravkLmro
26.10.02,유튜브,언더,미글로우,https://www.youtube.com/shorts/smxaqdRiNpc
26.10.02,틱톡,언더,미글로우,https://www.tiktok.com/@user395954576131/video/7691729739119103252
26.10.02,틱톡,언더,미글로우,https://www.tiktok.com/@user395954576131/video/7691729755745570069
26.10.02,스레드,언더,미글로우,https://www.threads.com/@hanna.nahanna/post/Dd-CVngCuAL
26.10.02,유튜브,언더,미글로우,https://www.youtube.com/shorts/RtsXbMVo-NQ
26.10.02,틱톡,언더,미글로우,https://www.tiktok.com/@hannananhanna/video/7691837588004474164
26.10.02,인스타,언더,미글로우,https://www.instagram.com/reel/Dd-EOHhiEx0/
26.10.02,페이스북,언더,미글로우,https://facebook.com/reel/1775414650371870
26.10.02,스레드,언더,미글로우,https://www.threads.com/@hanna.nahanna/post/Dd-K65JDwAp
26.10.02,유튜브,언더,미글로우,https://www.youtube.com/shorts/9iCWtkpYw00
26.10.02,틱톡,언더,미글로우,https://www.tiktok.com/@hannananhanna/video/7691856941655657736
26.10.02,스레드,언더,미글로우,https://www.threads.com/@hanna.nahanna/post/Dd-RUvNj-Qh
26.10.02,틱톡,언더,미글로우,https://www.tiktok.com/@hannananhanna/video/7691871187147967796
26.10.02,스레드,언더,미글로우,https://www.threads.com/@hanna.nahanna/post/Dd-Y4C7D20N
26.10.02,틱톡,언더,미글로우,https://www.tiktok.com/@hannananhanna/video/7691888352739495189
26.10.02,스레드,언더,미글로우,https://www.threads.com/@glow_yuu/post/Dd-kF2JCJFS
26.10.02,유튜브,언더,미글로우,https://www.youtube.com/shorts/pgRxupmlVrU
26.10.02,틱톡,언더,미글로우,https://www.tiktok.com/@user395954576131/video/7691913611488283925
26.10.02,스레드,언더,미글로우,https://www.threads.com/@hanna.nahanna/post/Dd-kNCcgH1a
26.10.02,유튜브,언더,미글로우,https://www.youtube.com/shorts/u8FvuM1eCrA
26.10.02,틱톡,언더,미글로우,https://www.tiktok.com/@hannananhanna/video/7691913859132689685
26.10.02,링크드인,언더,미글로우,https://linkedin.com/feed/update/urn:li:ugcPost:7511638508894064640
26.10.02,스레드,언더,미글로우,https://www.threads.com/@glow_yuu/post/Dd-l90vDw7K
26.10.02,유튜브,언더,미글로우,https://www.youtube.com/shorts/a-HmjtTMOAQ
26.10.02,틱톡,언더,미글로우,https://www.tiktok.com/@user395954576131/video/7691917634580876545
26.10.02,스레드,언더,미글로우,https://www.threads.com/@glow_yuu/post/Dd-muZ_gj0f
26.10.02,유튜브,언더,미글로우,https://www.youtube.com/shorts/37eFJZ2Ip5U
26.10.02,틱톡,언더,미글로우,https://www.tiktok.com/@user395954576131/video/7691919547649051924
26.10.02,스레드,언더,미글로우,https://www.threads.com/@hanna.nahanna/post/Dd-sN4hjKHv
26.10.02,유튜브,언더,미글로우,https://www.youtube.com/shorts/ReK7dPxasFQ
26.10.02,틱톡,언더,미글로우,https://www.tiktok.com/@hannananhanna/video/7691931904244944146
26.10.02,스레드,언더,미글로우,https://www.threads.com/@hanna.nahanna/post/Dd-wyqjjklJ
26.10.02,유튜브,언더,미글로우,https://www.youtube.com/shorts/u_Q08fQUvks
26.10.02,틱톡,언더,미글로우,https://www.tiktok.com/@hannananhanna/video/7691942191249345812
26.10.02,스레드,언더,미글로우,https://www.threads.com/@glow_yuu/post/Dd-y2ftCdqZ
26.10.02,틱톡,언더,미글로우,https://www.tiktok.com/@user395954576131/video/7691946850206616852
26.10.02,인스타,언더,미글로우,https://www.instagram.com/p/Dd-0OZDF-2D/
26.10.02,페이스북,언더,미글로우,https://facebook.com/122095630713484996/posts/122109263709484996
26.10.02,인스타,언더,미글로우,https://www.instagram.com/reel/Dd-1g7_kynF/
26.10.02,페이스북,언더,미글로우,https://facebook.com/reel/1664915104967179
26.10.02,스레드,언더,미글로우,https://www.threads.com/@hanna.nahanna/post/Dd-7cMaE5_j
26.10.02,유튜브,언더,미글로우,https://www.youtube.com/shorts/pzSlaOklWDw
26.10.02,틱톡,언더,미글로우,https://www.tiktok.com/@hannananhanna/video/7691966170488048916
26.10.02,스레드,언더,미글로우,https://www.threads.com/@glow_yuu/post/Dd-8Wcxkbbo
26.10.02,틱톡,언더,미글로우,https://www.tiktok.com/@user395954576131/video/7691968035321679105
26.10.02,스레드,언더,미글로우,https://www.threads.com/@hanna.nahanna/post/Dd_JLXBjcZn
26.10.02,유튜브,언더,미글로우,https://www.youtube.com/shorts/mHixO4aNobs
26.10.02,틱톡,언더,미글로우,https://www.tiktok.com/@hannananhanna/video/7691996908033805574
26.10.02,스레드,언더,미글로우,https://www.threads.com/@hanna.nahanna/post/Dd_P1THlVs1
26.10.02,유튜브,언더,미글로우,https://www.youtube.com/shorts/QegTM8xAN38
26.10.02,틱톡,언더,미글로우,https://www.tiktok.com/@hannananhanna/video/7692011968428903681
26.10.02,스레드,언더,미글로우,https://www.threads.com/@glow_yuu/post/Dd_SchnFPNA
26.10.02,유튜브,언더,미글로우,https://www.youtube.com/shorts/-BxpwiNOlJU
26.10.02,틱톡,언더,미글로우,https://www.tiktok.com/@user395954576131/video/7692017980699544852
26.10.02,유튜브,언더,미글로우,https://www.youtube.com/shorts/s6xnVHIwbKE
26.10.02,틱톡,언더,미글로우,https://www.tiktok.com/@hannananhanna/video/7692021362289839366
26.10.02,스레드,언더,미글로우,https://www.threads.com/@glow_yuu/post/Dd_XmNVioIq
26.10.02,유튜브,언더,미글로우,https://www.youtube.com/shorts/QwHZBWzSmtM
26.10.02,틱톡,언더,미글로우,https://www.tiktok.com/@user395954576131/video/7692029517908512001
26.10.02,유튜브,언더,미글로우,https://www.youtube.com/shorts/PpeDBrYNAWc
26.10.02,틱톡,언더,미글로우,https://www.tiktok.com/@hannananhanna/video/7692041729612025106
26.10.02,스레드,언더,미글로우,https://www.threads.com/@glow_yuu/post/Dd_e60qDe6I
26.10.02,유튜브,언더,미글로우,https://www.youtube.com/shorts/SkJksjAZ_3Y
26.10.02,틱톡,언더,미글로우,https://www.tiktok.com/@user395954576131/video/7692046084893445397
26.10.02,유튜브,언더,미글로우,https://www.youtube.com/shorts/mEnHRhREVg8
26.10.02,틱톡,언더,미글로우,https://www.tiktok.com/@user395954576131/video/7692072421062380820
26.10.02,스레드,언더,미글로우,https://www.threads.com/@glow_yuu/post/Dd_vTFbFTXf
26.10.02,유튜브,언더,미글로우,https://www.youtube.com/shorts/l1WpwEDeMoM
26.10.02,틱톡,언더,미글로우,https://www.tiktok.com/@user395954576131/video/7692082992151350546
26.10.03,링크드인,언더,미글로우,https://linkedin.com/feed/update/urn:li:ugcPost:7511802932212850690
26.10.03,스레드,언더,미글로우,https://www.threads.com/@glow_yuu/post/Dd_wyGZidn8
26.10.03,유튜브,언더,미글로우,https://www.youtube.com/shorts/R8Wq0K_D16s
26.10.03,틱톡,언더,미글로우,https://www.tiktok.com/@user395954576131/video/7692086274567539986
26.10.03,링크드인,언더,미글로우,https://linkedin.com/feed/update/urn:li:ugcPost:7511808911621050368
26.10.03,유튜브,언더,미글로우,https://www.youtube.com/shorts/F2byN7h2JpY
26.10.03,틱톡,언더,미글로우,https://www.tiktok.com/@user395954576131/video/7692092329292795188
26.10.03,인스타,언더,미글로우,https://www.instagram.com/p/DeAlFluHYq6/
26.10.03,페이스북,언더,미글로우,https://facebook.com/122106804795473825/posts/122115965979473825
26.10.03,인스타,언더,미글로우,https://www.instagram.com/p/DeAlLkkkR63/
26.10.03,페이스북,언더,미글로우,https://facebook.com/122106804795473825/posts/122115966339473825
26.10.03,인스타,언더,미글로우,https://www.instagram.com/p/DeAm7lODKUO/
26.10.03,페이스북,언더,미글로우,https://facebook.com/122106804795473825/posts/122115970137473825
26.10.03,인스타,언더,미글로우,https://www.instagram.com/reel/DeAnp0PH799/
26.10.03,페이스북,언더,미글로우,https://facebook.com/reel/2087245725490607
26.10.03,스레드,언더,미글로우,https://www.threads.com/@hanna.nahanna/post/DeApiI2jYbm
26.10.03,유튜브,언더,미글로우,https://www.youtube.com/shorts/6XacuXHRFpc
26.10.03,인스타,언더,미글로우,https://www.instagram.com/reel/DeApmOOEhO3/
26.10.03,틱톡,언더,미글로우,https://www.tiktok.com/@hannananhanna/video/7692214087505300754
26.10.03,페이스북,언더,미글로우,https://facebook.com/reel/1944020109890456
26.10.03,스레드,언더,미글로우,https://www.threads.com/@hanna.nahanna/post/DeAwSGAD4GQ
26.10.03,유튜브,언더,미글로우,https://www.youtube.com/shorts/pdFzUysOfOM
26.10.03,틱톡,언더,미글로우,https://www.tiktok.com/@hannananhanna/video/7692228909114445108
26.10.03,스레드,언더,미글로우,https://www.threads.com/@hanna.nahanna/post/DeAzt1yCXP4
26.10.03,틱톡,언더,미글로우,https://www.tiktok.com/@hannananhanna/video/7692237034005499157
26.10.03,스레드,언더,미글로우,https://www.threads.com/@hanna.nahanna/post/DeA-AuUiRfL
26.10.03,틱톡,언더,미글로우,https://www.tiktok.com/@hannananhanna/video/7692260221250456853
26.10.03,스레드,언더,미글로우,https://www.threads.com/@hanna.nahanna/post/DeBDKj2CXSD
26.10.03,유튜브,언더,미글로우,https://www.youtube.com/shorts/8tCIv2jS7kc
26.10.03,틱톡,언더,미글로우,https://www.tiktok.com/@hannananhanna/video/7692271809835650325
26.10.03,링크드인,언더,미글로우,https://linkedin.com/feed/update/urn:li:ugcPost:7511992593048707072
26.10.03,스레드,언더,미글로우,https://www.threads.com/@glow_yuu/post/DeBG_ZsCpLk
26.10.03,유튜브,언더,미글로우,https://www.youtube.com/shorts/to8-w1bsexs
26.10.03,틱톡,언더,미글로우,https://www.tiktok.com/@user395954576131/video/7692280366291225863
26.10.03,스레드,언더,미글로우,https://www.threads.com/@hanna.nahanna/post/DeBHDb0DnQR
26.10.03,유튜브,언더,미글로우,https://www.youtube.com/shorts/QTEdxiyU1SU
26.10.03,틱톡,언더,미글로우,https://www.tiktok.com/@hannananhanna/video/7692280570000330005
26.10.03,인스타,언더,미글로우,https://www.instagram.com/p/DeBHPeHiJjM/
26.10.03,페이스북,언더,미글로우,https://facebook.com/122095630713484996/posts/122109690705484996
26.10.03,링크드인,언더,미글로우,https://linkedin.com/feed/update/urn:li:ugcPost:7511997624250568704
26.10.03,스레드,언더,미글로우,https://www.threads.com/@glow_yuu/post/DeBJRatCX7-
26.10.03,유튜브,언더,미글로우,https://www.youtube.com/shorts/7_NHwM8QMbE
26.10.03,틱톡,언더,미글로우,https://www.tiktok.com/@user395954576131/video/7692285571292548360
26.10.03,스레드,언더,미글로우,https://www.threads.com/@hanna.nahanna/post/DeBOmxjmUZL
26.10.03,유튜브,언더,미글로우,https://www.youtube.com/shorts/zFWjql-rQQQ
26.10.03,틱톡,언더,미글로우,https://www.tiktok.com/@hannananhanna/video/7692297567543119125
26.10.03,스레드,언더,미글로우,https://www.threads.com/@hanna.nahanna/post/DeBWZFhjj4U
26.10.03,유튜브,언더,미글로우,https://www.youtube.com/shorts/PwfwW4tv61g
26.10.03,틱톡,언더,미글로우,https://www.tiktok.com/@hannananhanna/video/7692314981370498310
26.10.03,링크드인,언더,미글로우,https://linkedin.com/feed/update/urn:li:ugcPost:7512032348859707392
26.10.03,스레드,언더,미글로우,https://www.threads.com/@glow_yuu/post/DeBZEQ3FWVp
26.10.03,유튜브,언더,미글로우,https://www.youtube.com/shorts/fTHDYG5svSI
26.10.03,틱톡,언더,미글로우,https://www.tiktok.com/@user395954576131/video/7692321157042736404
26.10.03,스레드,언더,미글로우,https://www.threads.com/@glow_yuu/post/DeBZPzbATCd
26.10.03,틱톡,언더,미글로우,https://www.tiktok.com/@user395954576131/video/7692321499700645138
26.10.03,스레드,언더,미글로우,https://www.threads.com/@hanna.nahanna/post/DeBgTxMjwt0
26.10.03,유튜브,언더,미글로우,https://www.youtube.com/shorts/LRH76yA-vxI
26.10.03,틱톡,언더,미글로우,https://www.tiktok.com/@hannananhanna/video/7692337165832834322
26.10.03,스레드,언더,미글로우,https://www.threads.com/@glow_yuu/post/DeBh8goDNBO
26.10.03,틱톡,언더,미글로우,https://www.tiktok.com/@user395954576131/video/7692340902865489158
26.10.03,스레드,언더,미글로우,https://www.threads.com/@hanna.nahanna/post/DeBklUWCMr5
26.10.03,유튜브,언더,미글로우,https://www.youtube.com/shorts/YEewQ4yvp1g
26.10.03,틱톡,언더,미글로우,https://www.tiktok.com/@hannananhanna/video/7692347062603566343
26.10.03,스레드,언더,미글로우,https://www.threads.com/@glow_yuu/post/DeBoWp7jdLs
26.10.03,틱톡,언더,미글로우,https://www.tiktok.com/@user395954576131/video/7692355535080885524
26.10.03,스레드,언더,미글로우,https://www.threads.com/@glow_yuu/post/DeBsW0YlQ6j
26.10.03,스레드,언더,미글로우,https://www.threads.com/@hanna.nahanna/post/DeBsXCFAO3j
26.10.03,유튜브,언더,미글로우,https://www.youtube.com/shorts/B_a0E9zlh44
26.10.03,유튜브,언더,미글로우,https://www.youtube.com/shorts/gaacz20kTsM
26.10.03,틱톡,언더,미글로우,https://www.tiktok.com/@hannananhanna/video/7692364525839895828
26.10.03,틱톡,언더,미글로우,https://www.tiktok.com/@user395954576131/video/7692364547058912513
26.10.03,스레드,언더,미글로우,https://www.threads.com/@glow_yuu/post/DeByb3AkWST
26.10.03,유튜브,언더,미글로우,https://www.youtube.com/shorts/tOwV_6aHCeE
26.10.03,틱톡,언더,미글로우,https://www.tiktok.com/@user395954576131/video/7692378253977226504
26.10.03,스레드,언더,미글로우,https://www.threads.com/@hanna.nahanna/post/DeByxq6iT1y
26.10.03,유튜브,언더,미글로우,https://www.youtube.com/shorts/sFhPLhzuiAM
26.10.03,틱톡,언더,미글로우,https://www.tiktok.com/@hannananhanna/video/7692379032624811285
26.10.03,유튜브,언더,미글로우,https://www.youtube.com/shorts/oCTPMMB8fIg
26.10.03,틱톡,언더,미글로우,https://www.tiktok.com/@hannananhanna/video/7692397339818118421
26.10.03,유튜브,언더,미글로우,https://www.youtube.com/shorts/ajC5B76Ult4
26.10.03,틱톡,언더,미글로우,https://www.tiktok.com/@hannananhanna/video/7692416145822960917
26.10.03,스레드,언더,미글로우,https://www.threads.com/@glow_yuu/post/DeCDuAOlBBW
26.10.03,유튜브,언더,미글로우,https://www.youtube.com/shorts/exw4mex0bV4
26.10.03,틱톡,언더,미글로우,https://www.tiktok.com/@user395954576131/video/7692417178133597447
26.10.03,스레드,언더,미글로우,https://www.threads.com/@glow_yuu/post/DeCD00yDess
26.10.03,유튜브,언더,미글로우,https://www.youtube.com/shorts/6eP435Mxqms
26.10.03,틱톡,언더,미글로우,https://www.tiktok.com/@user395954576131/video/7692417314993605889
26.10.03,스레드,언더,미글로우,https://www.threads.com/@glow_yuu/post/DeCH2GnlOh4
26.10.03,유튜브,언더,미글로우,https://www.youtube.com/shorts/G-TaJc2PUVg
26.10.03,틱톡,언더,미글로우,https://www.tiktok.com/@user395954576131/video/7692426231031139602
26.10.03,스레드,언더,미글로우,https://www.threads.com/@glow_yuu/post/DeCJ1n4jc_2
26.10.03,유튜브,언더,미글로우,https://www.youtube.com/shorts/z-0e3PWA0xo
26.10.04,링크드인,언더,미글로우,https://linkedin.com/feed/update/urn:li:ugcPost:7512167034995134465
26.10.04,유튜브,언더,미글로우,https://www.youtube.com/shorts/6q3LrzQ1jlE
26.10.04,틱톡,언더,미글로우,https://www.tiktok.com/@user395954576131/video/7692459064894278930
26.10.04,링크드인,언더,미글로우,https://linkedin.com/feed/update/urn:li:ugcPost:7512190164153229312
26.10.04,유튜브,언더,미글로우,https://www.youtube.com/shorts/0wHfA27ajJM
26.10.04,틱톡,언더,미글로우,https://www.tiktok.com/@user395954576131/video/7692482706709499157
26.10.04,스레드,언더,미글로우,https://www.threads.com/@hanna.nahanna/post/DeDJoZGjLa9
26.10.04,틱톡,언더,미글로우,https://www.tiktok.com/@hannananhanna/video/7692574588156316948
26.10.04,인스타,언더,미글로우,https://www.instagram.com/p/DeDLBjmjfwk/
26.10.04,페이스북,언더,미글로우,https://facebook.com/122106804795473825/posts/122116425825473825
26.10.04,인스타,언더,미글로우,https://www.instagram.com/p/DeDLXOElPNa/
26.10.04,페이스북,언더,미글로우,https://facebook.com/122095630713484996/posts/122110063551484996
26.10.04,인스타,언더,미글로우,https://www.instagram.com/reel/DeDLlpEEzLe/
26.10.04,페이스북,언더,미글로우,https://facebook.com/reel/1697759905198529
26.10.04,인스타,언더,미글로우,https://www.instagram.com/p/DeDONKSFDT-/
26.10.04,페이스북,언더,미글로우,https://facebook.com/122095630713484996/posts/122110070361484996
26.10.04,인스타,언더,미글로우,https://www.instagram.com/p/DeDOjMKDdGJ/
26.10.04,페이스북,언더,미글로우,https://facebook.com/122106804795473825/posts/122116434273473825
26.10.04,스레드,언더,미글로우,https://www.threads.com/@hanna.nahanna/post/DeDU2B0Db14
26.10.04,틱톡,언더,미글로우,https://www.tiktok.com/@hannananhanna/video/7692599828844514581
26.10.04,스레드,언더,미글로우,https://www.threads.com/@hanna.nahanna/post/DeDX8VWAC-p
26.10.04,틱톡,언더,미글로우,https://www.tiktok.com/@hannananhanna/video/7692606728998800692
26.10.04,스레드,언더,미글로우,https://www.threads.com/@hanna.nahanna/post/DeDjYNqF1g_
26.10.04,틱톡,언더,미글로우,https://www.tiktok.com/@hannananhanna/video/7692632600266984724
26.10.04,스레드,언더,미글로우,https://www.threads.com/@hanna.nahanna/post/DeDmXf1EbTw
26.10.04,유튜브,언더,미글로우,https://www.youtube.com/shorts/kD_1VuMvmW0
26.10.04,틱톡,언더,미글로우,https://www.tiktok.com/@hannananhanna/video/7692639309744131336
26.10.04,스레드,언더,미글로우,https://www.threads.com/@hanna.nahanna/post/DeDtGzSD8Bq
26.10.04,유튜브,언더,미글로우,https://www.youtube.com/shorts/fuNI-bdn-II
26.10.04,틱톡,언더,미글로우,https://www.tiktok.com/@hannananhanna/video/7692654498229095700
26.10.04,스레드,언더,미글로우,https://www.threads.com/@glow_yuu/post/DeDt6NlDeeM
26.10.04,유튜브,언더,미글로우,https://www.youtube.com/shorts/8gTbP5w9ZKA
26.10.04,틱톡,언더,미글로우,https://www.tiktok.com/@user395954576131/video/7692656301498731782
26.10.04,인스타,언더,미글로우,https://www.instagram.com/p/DeDu1c8CNou/
26.10.04,페이스북,언더,미글로우,https://facebook.com/122095630713484996/posts/122110145763484996
26.10.04,링크드인,언더,미글로우,https://linkedin.com/feed/update/urn:li:ugcPost:7512368600687464448
26.10.04,스레드,언더,미글로우,https://www.threads.com/@glow_yuu/post/DeDx-e2iBQd
26.10.04,유튜브,언더,미글로우,https://www.youtube.com/shorts/O95xWf2VOpU
26.10.04,틱톡,언더,미글로우,https://www.tiktok.com/@user395954576131/video/7692665449280032021
26.10.04,스레드,언더,미글로우,https://www.threads.com/@hanna.nahanna/post/DeDzSx_iGbh
26.10.04,유튜브,언더,미글로우,https://www.youtube.com/shorts/qUI5KeNbgic
26.10.04,틱톡,언더,미글로우,https://www.tiktok.com/@hannananhanna/video/7692668407027748117
26.10.04,인스타,언더,미글로우,https://www.instagram.com/p/DeD1fzcjFY3/
26.10.04,페이스북,언더,미글로우,https://facebook.com/122106804795473825/posts/122116527105473825
26.10.04,스레드,언더,미글로우,https://www.threads.com/@glow_yuu/post/DeD5HsmAFV_
26.10.04,틱톡,언더,미글로우,https://www.tiktok.com/@user395954576131/video/7692681503075028230
26.10.04,스레드,언더,미글로우,https://www.threads.com/@glow_yuu/post/DeD6mxVjC_i
26.10.04,틱톡,언더,미글로우,https://www.tiktok.com/@user395954576131/video/7692684907809639698
26.10.04,스레드,언더,미글로우,https://www.threads.com/@hanna.nahanna/post/DeD7pTOj_00
26.10.04,유튜브,언더,미글로우,https://www.youtube.com/shorts/bPfa73z65lk
26.10.04,틱톡,언더,미글로우,https://www.tiktok.com/@hannananhanna/video/7692687207563316481
26.10.04,스레드,언더,미글로우,https://www.threads.com/@hanna.nahanna/post/DeEDqq0kiZf
26.10.04,유튜브,언더,미글로우,https://www.youtube.com/shorts/wxCJRP5ODwM
26.10.04,틱톡,언더,미글로우,https://www.tiktok.com/@hannananhanna/video/7692705310288481556
26.10.04,스레드,언더,미글로우,https://www.threads.com/@glow_yuu/post/DeEEzj6DStl
26.10.04,틱톡,언더,미글로우,https://www.tiktok.com/@user395954576131/video/7692707869782854933
26.10.04,인스타,언더,미글로우,https://www.instagram.com/reel/DeELQKCFxpG/
26.10.04,페이스북,언더,미글로우,https://facebook.com/reel/1881459829898480
26.10.04,스레드,언더,미글로우,https://www.threads.com/@glow_yuu/post/DeEMWbAgJ-L
26.10.04,틱톡,언더,미글로우,https://www.tiktok.com/@user395954576131/video/7692724853832568065
26.10.04,스레드,언더,미글로우,https://www.threads.com/@hanna.nahanna/post/DeEMeHylGJA
26.10.04,유튜브,언더,미글로우,https://www.youtube.com/shorts/Imd2DO9-3bk
26.10.04,틱톡,언더,미글로우,https://www.tiktok.com/@hannananhanna/video/7692725065376484660
26.10.04,인스타,언더,미글로우,https://www.instagram.com/p/DeEM2sEFouN/
26.10.04,페이스북,언더,미글로우,https://facebook.com/122106804795473825/posts/122116582251473825
26.10.04,스레드,언더,미글로우,https://www.threads.com/@glow_yuu/post/DeEPcKeDdJV
26.10.04,틱톡,언더,미글로우,https://www.tiktok.com/@user395954576131/video/7692731819204021512
26.10.04,스레드,언더,미글로우,https://www.threads.com/@hanna.nahanna/post/DeERC-ajsNm
26.10.04,유튜브,언더,미글로우,https://www.youtube.com/shorts/0VvneV_yhE4
26.10.04,틱톡,언더,미글로우,https://www.tiktok.com/@hannananhanna/video/7692735439832206612
26.10.04,스레드,언더,미글로우,https://www.threads.com/@hanna.nahanna/post/DeEW_0mHUmy
26.10.04,유튜브,언더,미글로우,https://www.youtube.com/shorts/iWLKIj7OS4k
26.10.04,틱톡,언더,미글로우,https://www.tiktok.com/@hannananhanna/video/7692748838947360020
26.10.04,스레드,언더,미글로우,https://www.threads.com/@glow_yuu/post/DeEbWTxDzUL
26.10.04,유튜브,언더,미글로우,https://www.youtube.com/shorts/vTPmdOht0aU
26.10.04,틱톡,언더,미글로우,https://www.tiktok.com/@user395954576131/video/7692758612585778484
26.10.04,유튜브,언더,미글로우,https://www.youtube.com/shorts/9MjELrv-bbo
26.10.04,틱톡,언더,미글로우,https://www.tiktok.com/@hannananhanna/video/7692769669974969621
26.10.04,유튜브,언더,미글로우,https://www.youtube.com/shorts/9RyseRRVuco
26.10.04,틱톡,언더,미글로우,https://www.tiktok.com/@hannananhanna/video/7692775898990398741
26.10.04,스레드,언더,미글로우,https://www.threads.com/@glow_yuu/post/DeEmyhTjK6Z
26.10.04,유튜브,언더,미글로우,https://www.youtube.com/shorts/EoEtlStw2cY
26.10.04,틱톡,언더,미글로우,https://www.tiktok.com/@user395954576131/video/7692784368200273204
26.10.04,스레드,언더,미글로우,https://www.threads.com/@glow_yuu/post/DeEyWXLCVPt
26.10.04,유튜브,언더,미글로우,https://www.youtube.com/shorts/SZmhj2p3il4
26.10.04,틱톡,언더,미글로우,https://www.tiktok.com/@user395954576131/video/7692810322004118836
26.10.04,스레드,언더,미글로우,https://www.threads.com/@glow_yuu/post/DeE2PkOlFgM
26.10.04,유튜브,언더,미글로우,https://www.youtube.com/shorts/Bpqv0AOyVZg
26.10.04,틱톡,언더,미글로우,https://www.tiktok.com/@user395954576131/video/7692819178725674258
26.10.05,링크드인,언더,미글로우,https://linkedin.com/feed/update/urn:li:ugcPost:7512535937965436928
26.10.05,스레드,언더,미글로우,https://www.threads.com/@glow_yuu/post/DeE-EeLlXmu
26.10.05,유튜브,언더,미글로우,https://www.youtube.com/shorts/HCFpMRoNYBU
26.10.05,틱톡,언더,미글로우,https://www.tiktok.com/@user395954576131/video/7692836684097965313
26.10.05,링크드인,언더,미글로우,https://linkedin.com/feed/update/urn:li:ugcPost:7512550787093344256
26.10.05,유튜브,언더,미글로우,https://www.youtube.com/shorts/dHWHVOXag-M
26.10.05,틱톡,언더,미글로우,https://www.tiktok.com/@user395954576131/video/7692851992019995922
26.10.05,링크드인,언더,미글로우,https://linkedin.com/feed/update/urn:li:ugcPost:7512558386295742464
26.10.05,유튜브,언더,미글로우,https://www.youtube.com/shorts/42qRf_oiBzE
26.10.05,틱톡,언더,미글로우,https://www.tiktok.com/@user395954576131/video/7692859729340566790
26.10.05,인스타,언더,미글로우,https://www.instagram.com/p/DeFvHMtmk_-/
26.10.05,페이스북,언더,미글로우,https://facebook.com/122106804795473825/posts/122116848123473825
26.10.05,인스타,언더,미글로우,https://www.instagram.com/p/DeFwJHalJGt/
26.10.05,페이스북,언더,미글로우,https://facebook.com/122095630713484996/posts/122110518303484996
26.10.05,인스타,언더,미글로우,https://www.instagram.com/reel/DeFxcfsCjBl/
26.10.05,페이스북,언더,미글로우,https://facebook.com/reel/1659464555851245
26.10.05,인스타,언더,미글로우,https://www.instagram.com/p/DeFxogPEoV7/
26.10.05,페이스북,언더,미글로우,https://facebook.com/122106804795473825/posts/122116852611473825
26.10.05,스레드,언더,미글로우,https://www.threads.com/@hanna.nahanna/post/DeFybhzACtJ
26.10.05,틱톡,언더,미글로우,https://www.tiktok.com/@hannananhanna/video/7692954666149088530
26.10.05,스레드,언더,미글로우,https://www.threads.com/@hanna.nahanna/post/DeF08qxmgIC
26.10.05,틱톡,언더,미글로우,https://www.tiktok.com/@hannananhanna/video/7692960355361770772
26.10.05,스레드,언더,미글로우,https://www.threads.com/@hanna.nahanna/post/DeGAoiMDXpP
26.10.05,틱톡,언더,미글로우,https://www.tiktok.com/@hannananhanna/video/7692986695897156885
26.10.05,스레드,언더,미글로우,https://www.threads.com/@hanna.nahanna/post/DeGE-ICDBJS
26.10.05,틱톡,언더,미글로우,https://www.tiktok.com/@hannananhanna/video/7692996481774521606
26.10.05,스레드,언더,미글로우,https://www.threads.com/@hanna.nahanna/post/DeGLYVSgT1j
26.10.05,유튜브,언더,미글로우,https://www.youtube.com/shorts/eu6_T_L8a-o
26.10.05,틱톡,언더,미글로우,https://www.tiktok.com/@hannananhanna/video/7693010631473040692
26.10.05,스레드,언더,미글로우,https://www.threads.com/@glow_yuu/post/DeGPRdFinyU
26.10.05,유튜브,언더,미글로우,https://www.youtube.com/shorts/SObu-3vkXFw
26.10.05,틱톡,언더,미글로우,https://www.tiktok.com/@user395954576131/video/7693019602657365268
26.10.05,스레드,언더,미글로우,https://www.threads.com/@hanna.nahanna/post/DeGS0kIFUVI
26.10.05,유튜브,언더,미글로우,https://www.youtube.com/shorts/6T-z9ixfZdI
26.10.05,틱톡,언더,미글로우,https://www.tiktok.com/@hannananhanna/video/7693027661613894933
26.10.05,스레드,언더,미글로우,https://www.threads.com/@glow_yuu/post/DeGXSHviazW
26.10.05,유튜브,언더,미글로우,https://www.youtube.com/shorts/PnRGy0YsTNQ
26.10.05,틱톡,언더,미글로우,https://www.tiktok.com/@user395954576131/video/7693037478860655878
26.10.05,인스타,언더,미글로우,https://www.instagram.com/p/DeGYBQtjTc6/
26.10.05,페이스북,언더,미글로우,https://facebook.com/122106804795473825/posts/122116951863473825
26.10.05,인스타,언더,미글로우,https://www.instagram.com/reel/DeGYQnVlVhp/
26.10.05,페이스북,언더,미글로우,https://facebook.com/reel/1120258707319595
26.10.05,스레드,언더,미글로우,https://www.threads.com/@hanna.nahanna/post/DeGauBmEk0y
26.10.05,유튜브,언더,미글로우,https://www.youtube.com/shorts/6tFxgMbi8Sg
26.10.05,틱톡,언더,미글로우,https://www.tiktok.com/@hannananhanna/video/7693045434075434261
26.10.05,스레드,언더,미글로우,https://www.threads.com/@glow_yuu/post/DeGbg_kDJTP
26.10.05,유튜브,언더,미글로우,https://www.youtube.com/shorts/piBOFEXlEig
26.10.05,틱톡,언더,미글로우,https://www.tiktok.com/@user395954576131/video/7693047218697260308
26.10.05,스레드,언더,미글로우,https://www.threads.com/@hanna.nahanna/post/DeGjhydkbtR
26.10.05,유튜브,언더,미글로우,https://www.youtube.com/shorts/A6oAIRw5HhM
26.10.05,틱톡,언더,미글로우,https://www.tiktok.com/@hannananhanna/video/7693065268867681557
26.10.05,스레드,언더,미글로우,https://www.threads.com/@hanna.nahanna/post/DeGmnbRlQNN
26.10.05,유튜브,언더,미글로우,https://www.youtube.com/shorts/LPP8GS-qGQA
26.10.05,틱톡,언더,미글로우,https://www.tiktok.com/@hannananhanna/video/7693072208368766228
26.10.05,스레드,언더,미글로우,https://www.threads.com/@glow_yuu/post/DeGoWVXkgQM
26.10.05,틱톡,언더,미글로우,https://www.tiktok.com/@user395954576131/video/7693076119477570824
26.10.05,스레드,언더,미글로우,https://www.threads.com/@glow_yuu/post/DeGsG65kfZB
26.10.05,틱톡,언더,미글로우,https://www.tiktok.com/@user395954576131/video/7693084558857719047
26.10.05,인스타,언더,미글로우,https://www.instagram.com/reel/DeGtTdTjZRV/
26.10.05,페이스북,언더,미글로우,https://facebook.com/reel/2362477667827808
26.10.05,인스타,언더,미글로우,https://www.instagram.com/p/DeGvVBfDPgM/
26.10.05,페이스북,언더,미글로우,https://facebook.com/122106804795473825/posts/122117005539473825
26.10.05,스레드,언더,미글로우,https://www.threads.com/@hanna.nahanna/post/DeGxYUzDCus
26.10.05,유튜브,언더,미글로우,https://www.youtube.com/shorts/GH15s8Kjswk
26.10.05,틱톡,언더,미글로우,https://www.tiktok.com/@hannananhanna/video/7693096445133573382
26.10.05,스레드,언더,미글로우,https://www.threads.com/@glow_yuu/post/DeGx1Z2AAcf
26.10.05,틱톡,언더,미글로우,https://www.tiktok.com/@user395954576131/video/7693097468220755221
26.10.05,스레드,언더,미글로우,https://www.threads.com/@hanna.nahanna/post/DeGzNpljlwR
26.10.05,유튜브,언더,미글로우,https://www.youtube.com/shorts/CS9R459XQYM
26.10.05,틱톡,언더,미글로우,https://www.tiktok.com/@hannananhanna/video/7693100591932820757
26.10.05,인스타,언더,미글로우,https://www.instagram.com/reel/DeG1dKalOw1/
26.10.05,페이스북,언더,미글로우,https://facebook.com/reel/1045592411775666
26.10.05,스레드,언더,미글로우,https://www.threads.com/@glow_yuu/post/DeG3cjWlW7I
26.10.05,유튜브,언더,미글로우,https://www.youtube.com/shorts/EOGtKLqa39c
26.10.05,틱톡,언더,미글로우,https://www.tiktok.com/@user395954576131/video/7693110115750268178
26.10.05,스레드,언더,미글로우,https://www.threads.com/@hanna.nahanna/post/DeG-UciiR6A
26.10.05,유튜브,언더,미글로우,https://www.youtube.com/shorts/EqfTXuIHPfQ
26.10.05,틱톡,언더,미글로우,https://www.tiktok.com/@hannananhanna/video/7693125575178718472
26.10.05,스레드,언더,미글로우,https://www.threads.com/@glow_yuu/post/DeHBaBqjSAu
26.10.05,유튜브,언더,미글로우,https://www.youtube.com/shorts/cEws-SJdDoQ
26.10.05,틱톡,언더,미글로우,https://www.tiktok.com/@user395954576131/video/7693132561232514305
26.10.05,스레드,언더,미글로우,https://www.threads.com/@glow_yuu/post/DeHB3a8gJlE
26.10.05,유튜브,언더,미글로우,https://www.youtube.com/shorts/Hlpy7pzoUao
26.10.05,틱톡,언더,미글로우,https://www.tiktok.com/@user395954576131/video/7693133475095809286
26.10.05,유튜브,언더,미글로우,https://www.youtube.com/shorts/2IJPPLs-wI8
26.10.05,틱톡,언더,미글로우,https://www.tiktok.com/@hannananhanna/video/7693140014040894740
26.10.05,유튜브,언더,미글로우,https://www.youtube.com/shorts/8HieFKxzd3g
26.10.05,틱톡,언더,미글로우,https://www.tiktok.com/@hannananhanna/video/7693152138825846037
26.10.05,스레드,언더,미글로우,https://www.threads.com/@glow_yuu/post/DeHP9HbApvR
26.10.05,유튜브,언더,미글로우,https://www.youtube.com/shorts/JX6q5UqnwZg
26.10.05,틱톡,언더,미글로우,https://www.tiktok.com/@user395954576131/video/7693165161661910278
26.10.05,스레드,언더,미글로우,https://www.threads.com/@glow_yuu/post/DeHU0rujaAQ
26.10.05,유튜브,언더,미글로우,https://www.youtube.com/shorts/gkO1jV4WUC8
26.10.06,링크드인,언더,미글로우,https://linkedin.com/feed/update/urn:li:ugcPost:7512891469687574529
26.10.06,유튜브,언더,미글로우,https://www.youtube.com/shorts/bsks4xp1hfU
26.10.06,틱톡,언더,미글로우,https://www.tiktok.com/@user395954576131/video/7693200852592643349
26.10.06,링크드인,언더,미글로우,https://linkedin.com/feed/update/urn:li:ugcPost:7512891555347746820
26.10.06,스레드,언더,미글로우,https://www.threads.com/@glow_yuu/post/DeHfyXeCe9n
26.10.06,유튜브,언더,미글로우,https://www.youtube.com/shorts/NkZO3awWpQc
26.10.06,틱톡,언더,미글로우,https://www.tiktok.com/@user395954576131/video/7693200965867932949
26.10.06,링크드인,언더,미글로우,https://linkedin.com/feed/update/urn:li:ugcPost:7512900355114905600
26.10.06,유튜브,언더,미글로우,https://www.youtube.com/shorts/Na1W0MPm7Gg
26.10.06,틱톡,언더,미글로우,https://www.tiktok.com/@user395954576131/video/7693209965841878279
26.10.06,인스타,언더,미글로우,https://www.instagram.com/p/DeIVEy3oMbn/
26.10.06,페이스북,언더,미글로우,https://facebook.com/122106804795473825/posts/122117296239473825
26.10.06,스레드,언더,미글로우,https://www.threads.com/@hanna.nahanna/post/DeIWi1vjqJl
26.10.06,틱톡,언더,미글로우,https://www.tiktok.com/@hannananhanna/video/7693324231341247745
26.10.06,인스타,언더,미글로우,https://www.instagram.com/p/DeIYCGXlLHH/
26.10.06,페이스북,언더,미글로우,https://facebook.com/122095630713484996/posts/122111015685484996
26.10.06,인스타,언더,미글로우,https://www.instagram.com/p/DeIYfKKnxyR/
26.10.06,페이스북,언더,미글로우,https://facebook.com/122106804795473825/posts/122117306397473825
26.10.06,스레드,언더,미글로우,https://www.threads.com/@hanna.nahanna/post/DeIbH4QAflK
26.10.06,틱톡,언더,미글로우,https://www.tiktok.com/@hannananhanna/video/7693334522200460562
26.10.06,스레드,언더,미글로우,https://www.threads.com/@hanna.nahanna/post/DeIirHLlITI
26.10.06,틱톡,언더,미글로우,https://www.tiktok.com/@hannananhanna/video/7693351567180827924
26.10.06,스레드,언더,미글로우,https://www.threads.com/@hanna.nahanna/post/DeIrJM7FOF_
26.10.06,틱톡,언더,미글로우,https://www.tiktok.com/@hannananhanna/video/7693370648021847297
26.10.06,스레드,언더,미글로우,https://www.threads.com/@glow_yuu/post/DeIy0DhiN7o
26.10.06,유튜브,언더,미글로우,https://www.youtube.com/shorts/nXm9RqbXJrU
26.10.06,틱톡,언더,미글로우,https://www.tiktok.com/@user395954576131/video/7693387916210408724
26.10.06,스레드,언더,미글로우,https://www.threads.com/@hanna.nahanna/post/DeI0EPXjjPc
26.10.06,유튜브,언더,미글로우,https://www.youtube.com/shorts/U1VmzbHH0_I
26.10.06,틱톡,언더,미글로우,https://www.tiktok.com/@hannananhanna/video/7693390692290333972
26.10.06,스레드,언더,미글로우,https://www.threads.com/@hanna.nahanna/post/DeI3KIbFM8z
26.10.06,유튜브,언더,미글로우,https://www.youtube.com/shorts/f_WfoRtH28s
26.10.06,틱톡,언더,미글로우,https://www.tiktok.com/@hannananhanna/video/7693397426966760756
26.10.06,스레드,언더,미글로우,https://www.threads.com/@glow_yuu/post/DeI4whvFDLg
26.10.06,유튜브,언더,미글로우,https://www.youtube.com/shorts/IL_UcVH1EKU
26.10.06,틱톡,언더,미글로우,https://www.tiktok.com/@user395954576131/video/7693401301450771764
26.10.06,인스타,언더,미글로우,https://www.instagram.com/p/DeI5Vz0FMrX/
26.10.06,페이스북,언더,미글로우,https://facebook.com/122095630713484996/posts/122111086911484996
26.10.06,네이버 블로그,공식,미글로우,https://blog.naver.com/hironic-official/224432877544
26.10.06,스레드,언더,미글로우,https://www.threads.com/@hanna.nahanna/post/DeI8bixgrqi
26.10.06,유튜브,언더,미글로우,https://www.youtube.com/shorts/S8bQzytXYq4
26.10.06,틱톡,언더,미글로우,https://www.tiktok.com/@hannananhanna/video/7693409291834854657
26.10.06,네이버 블로그,언더,미글로우,https://blog.naver.com/kbeautyfy/224432909587
26.10.06,인스타,언더,미글로우,https://www.instagram.com/p/DeI_E_8FUIz/
26.10.06,페이스북,언더,미글로우,https://facebook.com/122106804795473825/posts/122117386059473825
26.10.06,인스타,언더,미글로우,https://www.instagram.com/p/DeI_vL7FRrc/
26.10.06,페이스북,언더,미글로우,https://facebook.com/122106804795473825/posts/122117387475473825
26.10.06,스레드,언더,미글로우,https://www.threads.com/@glow_yuu/post/DeI_2Y2AYhI
26.10.06,틱톡,언더,미글로우,https://www.tiktok.com/@user395954576131/video/7693417122155760948
26.10.06,네이버 블로그,공식,미글로우,https://blog.naver.com/hironic-official/224432878618
26.10.06,스레드,언더,미글로우,https://www.threads.com/@hanna.nahanna/post/DeJIqxZmGSS
26.10.06,유튜브,언더,미글로우,https://www.youtube.com/shorts/a6HN3SiaTTA
26.10.06,틱톡,언더,미글로우,https://www.tiktok.com/@hannananhanna/video/7693437099038510354
26.10.06,스레드,언더,미글로우,https://www.threads.com/@hanna.nahanna/post/DeJKnWMAEFb
26.10.06,유튜브,언더,미글로우,https://www.youtube.com/shorts/nnt7blfkMnQ
26.10.06,틱톡,언더,미글로우,https://www.tiktok.com/@hannananhanna/video/7693441333666516276
26.10.06,네이버 블로그,언더,미글로우,https://blog.naver.com/kbeautyfy/224432910960
26.10.06,네이버 블로그,언더,시너젯,https://blog.naver.com/kbeautyfy/224432912369
26.10.06,스레드,언더,미글로우,https://www.threads.com/@glow_yuu/post/DeJMNbmGt3o
26.10.06,틱톡,언더,미글로우,https://www.tiktok.com/@user395954576131/video/7693445048834280712
26.10.06,스레드,언더,미글로우,https://www.threads.com/@glow_yuu/post/DeJM8owld2Y
26.10.06,틱톡,언더,미글로우,https://www.tiktok.com/@user395954576131/video/7693446735821098261
26.10.06,네이버 블로그,공식,시너젯,https://blog.naver.com/hironic-official/224432879963
26.10.06,네이버 블로그,공식,시너젯,https://blog.naver.com/hironic-official/224432880907
26.10.06,인스타,언더,미글로우,https://www.instagram.com/p/DeJR2PmCWSI/
26.10.06,페이스북,언더,미글로우,https://facebook.com/122106804795473825/posts/122117428587473825
26.10.06,인스타,언더,미글로우,https://www.instagram.com/p/DeJSpzVjjmT/
26.10.06,페이스북,언더,미글로우,https://facebook.com/122106804795473825/posts/122117431221473825
26.10.06,스레드,언더,미글로우,https://www.threads.com/@hanna.nahanna/post/DeJU6sRiowC
26.10.06,유튜브,언더,미글로우,https://www.youtube.com/shorts/hAAMLHlH1tY
26.10.06,틱톡,언더,미글로우,https://www.tiktok.com/@hannananhanna/video/7693464708602547457
26.10.06,스레드,언더,미글로우,https://www.threads.com/@hanna.nahanna/post/DeJYzw6jm1l
26.10.06,유튜브,언더,미글로우,https://www.youtube.com/shorts/lo_cm0B_Fm0
26.10.06,틱톡,언더,미글로우,https://www.tiktok.com/@hannananhanna/video/7693473439797087509
26.10.06,인스타,언더,미글로우,https://www.instagram.com/p/DeJY6x6FFLt/
26.10.06,페이스북,언더,미글로우,https://facebook.com/122095630713484996/posts/122111159883484996
26.10.06,스레드,언더,미글로우,https://www.threads.com/@glow_yuu/post/DeJaLofFVly
26.10.06,유튜브,언더,미글로우,https://www.youtube.com/shorts/vw9zAETDCTo
26.10.06,틱톡,언더,미글로우,https://www.tiktok.com/@user395954576131/video/7693476234885451009
26.10.06,스레드,언더,미글로우,https://www.threads.com/@hanna.nahanna/post/DeJewqXD8Pg
26.10.06,유튜브,언더,미글로우,https://www.youtube.com/shorts/JSk1qky5Kxg
26.10.06,틱톡,언더,미글로우,https://www.tiktok.com/@hannananhanna/video/7693486716820212998
26.10.06,스레드,언더,미글로우,https://www.threads.com/@glow_yuu/post/DeJfVhnj6Su
26.10.06,유튜브,언더,미글로우,https://www.youtube.com/shorts/IkF0ZVNH4ks
26.10.06,틱톡,언더,미글로우,https://www.tiktok.com/@user395954576131/video/7693488174395329799
26.10.06,네이버 블로그,언더,시너젯,https://blog.naver.com/kbeautyfy/224432913800
26.10.06,유튜브,언더,미글로우,https://www.youtube.com/shorts/ZCddGsJk81c
26.10.06,틱톡,언더,미글로우,https://www.tiktok.com/@hannananhanna/video/7693501824522849588
26.10.06,스레드,언더,미글로우,https://www.threads.com/@glow_yuu/post/DeJnzfNlckB
26.10.06,유튜브,언더,미글로우,https://www.youtube.com/shorts/hpk34RnzcRI
26.10.06,틱톡,언더,미글로우,https://www.tiktok.com/@user395954576131/video/7693507151116995892
26.10.06,스레드,언더,미글로우,https://www.threads.com/@glow_yuu/post/DeJtwVlisbm
26.10.06,유튜브,언더,미글로우,https://www.youtube.com/shorts/0yQ3eifk_LI
26.10.06,틱톡,언더,미글로우,https://www.tiktok.com/@user395954576131/video/7693520649230372103
26.10.06,유튜브,언더,미글로우,https://www.youtube.com/shorts/XwZ8VNyirPI
26.10.06,틱톡,언더,미글로우,https://www.tiktok.com/@hannananhanna/video/7693521666483162389
26.10.06,스레드,언더,미글로우,https://www.threads.com/@glow_yuu/post/DeJxpKaEoSI
26.10.06,유튜브,언더,미글로우,https://www.youtube.com/shorts/HCu7Rt1pDqE
26.10.06,틱톡,언더,미글로우,https://www.tiktok.com/@user395954576131/video/7693529412171500820
26.10.06,스레드,언더,미글로우,https://www.threads.com/@glow_yuu/post/DeJ9zd0GxJf
26.10.06,유튜브,언더,미글로우,https://www.youtube.com/shorts/QUDhM02wSws
26.10.06,틱톡,언더,미글로우,https://www.tiktok.com/@user395954576131/video/7693556806680907016
26.10.06,유튜브,언더,미글로우,https://www.youtube.com/shorts/uEuStBaUVes
26.10.06,틱톡,언더,미글로우,https://www.tiktok.com/@user395954576131/video/7693562168653942022
26.10.06,스레드,언더,미글로우,https://www.threads.com/@glow_yuu/post/DeKA77pDguO
26.10.06,유튜브,언더,미글로우,https://www.youtube.com/shorts/Q_7iEPX-qFo
26.10.07,링크드인,언더,미글로우,https://linkedin.com/feed/update/urn:li:ugcPost:7513289882425962496
26.10.07,유튜브,언더,미글로우,https://www.youtube.com/shorts/6BNsB6s_4x4
26.10.07,틱톡,언더,미글로우,https://www.tiktok.com/@user395954576131/video/7693608851240717575
26.10.07,스레드,언더,미글로우,https://www.threads.com/@hanna.nahanna/post/DeK6UDAiLTU
26.10.07,틱톡,언더,미글로우,https://www.tiktok.com/@hannananhanna/video/7693692997740875028
26.10.07,인스타,언더,미글로우,https://www.instagram.com/reel/DeK68kriC9c/
26.10.07,페이스북,언더,미글로우,https://facebook.com/reel/2172874976599317
26.10.07,인스타,언더,미글로우,https://www.instagram.com/reel/DeK7drSD_hw/
26.10.07,페이스북,언더,미글로우,https://facebook.com/reel/1107189088945637
26.10.07,스레드,언더,미글로우,https://www.threads.com/@hanna.nahanna/post/DeLAB59kqph
26.10.07,틱톡,언더,미글로우,https://www.tiktok.com/@hannananhanna/video/7693705897163361556
26.10.07,인스타,언더,미글로우,https://www.instagram.com/p/DeLJ6IVD3Eh/
26.10.07,페이스북,언더,미글로우,https://facebook.com/122106804795473825/posts/122117746845473825
26.10.07,스레드,언더,미글로우,https://www.threads.com/@hanna.nahanna/post/DeLKNouG86w
26.10.07,틱톡,언더,미글로우,https://www.tiktok.com/@hannananhanna/video/7693728844771069205
26.10.07,인스타,언더,미글로우,https://www.instagram.com/p/DeLOAVxiBkq/
26.10.07,페이스북,언더,미글로우,https://facebook.com/122095630713484996/posts/122111491347484996
26.10.07,스레드,언더,미글로우,https://www.threads.com/@hanna.nahanna/post/DeLOrYwkz4i
26.10.07,틱톡,언더,미글로우,https://www.tiktok.com/@hannananhanna/video/7693738850811677953
26.10.07,스레드,언더,미글로우,https://www.threads.com/@hanna.nahanna/post/DeLTQGODA-B
26.10.07,틱톡,언더,미글로우,https://www.tiktok.com/@hannananhanna/video/7693749192971341074
26.10.07,링크드인,언더,미글로우,https://linkedin.com/feed/update/urn:li:ugcPost:7513435097925050368
26.10.07,스레드,언더,미글로우,https://www.threads.com/@glow_yuu/post/DeLW9bdH5BB
26.10.07,유튜브,언더,미글로우,https://www.youtube.com/shorts/rPOQjzG3cyg
26.10.07,틱톡,언더,미글로우,https://www.tiktok.com/@user395954576131/video/7693757513153514770
26.10.07,인스타,언더,미글로우,https://www.instagram.com/reel/DeLdJYelZ_o/
26.10.07,페이스북,언더,미글로우,https://facebook.com/reel/2392728171468590
26.10.07,스레드,언더,미글로우,https://www.threads.com/@hanna.nahanna/post/DeLe7p9HIHy
26.10.07,유튜브,언더,미글로우,https://www.youtube.com/shorts/r3mjFO14RHA
26.10.07,틱톡,언더,미글로우,https://www.tiktok.com/@hannananhanna/video/7693775479655894293
26.10.07,스레드,언더,미글로우,https://www.threads.com/@hanna.nahanna/post/DeLieUNj03A
26.10.07,유튜브,언더,미글로우,https://www.youtube.com/shorts/_LiR9s_Xbtk
26.10.07,틱톡,언더,미글로우,https://www.tiktok.com/@hannananhanna/video/7693783465132576001
26.10.07,링크드인,언더,미글로우,https://linkedin.com/feed/update/urn:li:ugcPost:7513473602198016000
26.10.07,스레드,언더,미글로우,https://www.threads.com/@glow_yuu/post/DeLod0kEfsh
26.10.07,틱톡,언더,미글로우,https://www.tiktok.com/@user395954576131/video/7693796954832162056
26.10.07,스레드,언더,미글로우,https://www.threads.com/@glow_yuu/post/DeLp6GtiVoA
26.10.07,틱톡,언더,미글로우,https://www.tiktok.com/@user395954576131/video/7693800047737048321
26.10.07,링크드인,언더,미글로우,https://linkedin.com/feed/update/urn:li:ugcPost:7513479899433652226
26.10.07,스레드,언더,미글로우,https://www.threads.com/@glow_yuu/post/DeLrVOnji0F
26.10.07,틱톡,언더,미글로우,https://www.tiktok.com/@user395954576131/video/7693803381344832788
26.10.07,스레드,언더,미글로우,https://www.threads.com/@hanna.nahanna/post/DeLtAccioNR
26.10.07,유튜브,언더,미글로우,https://www.youtube.com/shorts/ojGpnue_3nQ
26.10.07,틱톡,언더,미글로우,https://www.tiktok.com/@hannananhanna/video/7693807151629880628
26.10.07,인스타,언더,미글로우,https://www.instagram.com/reel/DeLtSSIjEVk/
26.10.07,페이스북,언더,미글로우,https://facebook.com/reel/2308470279930346
26.10.07,스레드,언더,미글로우,https://www.threads.com/@hanna.nahanna/post/DeLwVBpiH99
26.10.07,유튜브,언더,미글로우,https://www.youtube.com/shorts/2AUmobwiEP8
26.10.07,틱톡,언더,미글로우,https://www.tiktok.com/@hannananhanna/video/7693814244285893894
26.10.07,스레드,언더,미글로우,https://www.threads.com/@glow_yuu/post/DeL1eD6lVvc
26.10.07,틱톡,언더,미글로우,https://www.tiktok.com/@user395954576131/video/7693826248262421781
26.10.07,스레드,언더,미글로우,https://www.threads.com/@glow_yuu/post/DeL6ERND1Bz
26.10.07,틱톡,언더,미글로우,https://www.tiktok.com/@user395954576131/video/7693836575335058740
26.10.07,스레드,언더,미글로우,https://www.threads.com/@hanna.nahanna/post/DeL6vYekaeM
26.10.07,유튜브,언더,미글로우,https://www.youtube.com/shorts/XFtj0sLfxXc
26.10.07,틱톡,언더,미글로우,https://www.tiktok.com/@hannananhanna/video/7693837935858289921
26.10.07,스레드,언더,미글로우,https://www.threads.com/@hanna.nahanna/post/DeMAds9DiJN
26.10.07,틱톡,언더,미글로우,https://www.tiktok.com/@hannananhanna/video/7693851031393914119
26.10.07,스레드,언더,미글로우,https://www.threads.com/@glow_yuu/post/DeMAlaQkut8
26.10.07,유튜브,언더,미글로우,https://www.youtube.com/shorts/Nj2yRIKUiog
26.10.07,틱톡,언더,미글로우,https://www.tiktok.com/@user395954576131/video/7693851272742833428
26.10.07,스레드,언더,미글로우,https://www.threads.com/@hanna.nahanna/post/DeMHGkLARma
26.10.07,틱톡,언더,미글로우,https://www.tiktok.com/@hannananhanna/video/7693865949216247061
26.10.07,인스타,언더,미글로우,https://www.instagram.com/p/DeMIl7JlGuk/
26.10.07,페이스북,언더,미글로우,https://facebook.com/122095630713484996/posts/122111645079484996
26.10.07,스레드,언더,미글로우,https://www.threads.com/@glow_yuu/post/DeMK4iokY0k
26.10.07,유튜브,언더,미글로우,https://www.youtube.com/shorts/LMvxhKTBBvc
26.10.07,틱톡,언더,미글로우,https://www.tiktok.com/@user395954576131/video/7693874475938450708
26.10.07,틱톡,언더,미글로우,https://www.tiktok.com/@hannananhanna/video/7693876778150071572
26.10.07,틱톡,언더,미글로우,https://www.tiktok.com/@hannananhanna/video/7693893037021285638
26.10.07,스레드,언더,미글로우,https://www.threads.com/@glow_yuu/post/DeMYC0Dip62
26.10.07,유튜브,언더,미글로우,https://www.youtube.com/shorts/qOr6InWWlnA
26.10.07,틱톡,언더,미글로우,https://www.tiktok.com/@user395954576131/video/7693904099816918280
26.10.07,스레드,언더,미글로우,https://www.threads.com/@glow_yuu/post/DeMY99LEgh0
26.10.07,틱톡,언더,미글로우,https://www.tiktok.com/@user395954576131/video/7693906217428667669
26.10.07,스레드,언더,미글로우,https://www.threads.com/@glow_yuu/post/DeMbOgoCTXQ
26.10.07,유튜브,언더,미글로우,https://www.youtube.com/shorts/zjx__nRKWh8
26.10.07,틱톡,언더,미글로우,https://www.tiktok.com/@user395954576131/video/7693911250245340437
26.10.07,스레드,언더,미글로우,https://www.threads.com/@glow_yuu/post/DeMcgNngr6R
26.10.07,틱톡,언더,미글로우,https://www.tiktok.com/@user395954576131/video/7693914171452230930
26.10.07,틱톡,언더,미글로우,https://www.tiktok.com/@user395954576131/video/7693933354990849288
26.10.08,링크드인,언더,미글로우,https://linkedin.com/feed/update/urn:li:ugcPost:7513627659558465536
26.10.08,틱톡,언더,미글로우,https://www.tiktok.com/@user395954576131/video/7693954703469645076
